Product ID;Active (0/1);Name *;Categories (x,y,z...);Price tax included;Tax rules ID;Reference #;EAN13;Weight;Quantity;Minimal quantity;Text when in stock;Available for order (0 = No, 1 = Yes);Show price (0 = No, 1 = Yes);en oferta;valor dto;desde dto;Image URLs (x,y,z...);Feature(Name:Value:Position);hasta dto;Description
179691;1;Silla eco2;250, 257;0;1;;;4;0;1;En Stock;1;1;1;#¡VALOR!;01/01/2018;http://www.phpandfriends.com/imagenes_csv/producto.png;;10/01/2020;Practica y funcional, una silla muy completa apta para su uso tanto en el hogar como la oficina. Disponible en varios colores y equipada con mecanismo asyncron que permite regular de forma independiente la inclinacion del respaldo y del asiento. Se envía sin montar. Instrucciones sencillas y todos los herrajes y tornillería incluidos.
179696;1;Silla air;250, 257;0;1;;;4;0;1;En Stock;1;1;1;#¡VALOR!;01/01/2018;http://www.phpandfriends.com/imagenes_csv/producto.png;coleccion:AIR:0;10/01/2020;Se trata de una silla muy completa con un precio espectacular. El respaldo es comodo y robusto, con un embellecedor cromado en la parte posterior que le da un estilo muy elegante. Se envía sin montar. Instrucciones sencillas y todos los herrajes y tornillería incluidos.
200180;1;Silla air blanca;250, 257;0;1;26000000652;;4;0;1;En Stock;1;1;1;-109;01/01/2018;http://www.phpandfriends.com/imagenes_csv/producto.png;;10/01/2020;Se trata de una silla muy completa con un precio espectacular. El respaldo es comodo y robusto, con un embellecedor cromado en la parte posterior que le da un estilo muy elegante. Se envía sin montar. Instrucciones sencillas y todos los herrajes y tornillería incluidos.
179700;1;Silla acer red;250, 257, 256;0;1;;;4;0;1;En Stock;1;1;1;#¡VALOR!;01/01/2018;http://www.phpandfriends.com/imagenes_csv/producto.png;;10/01/2020;Precioso sillon de diseno, apto para uso profesional o domestico.Dispone de un sistema sincronizado, el movimiento del respaldo y asiento se produce simultáneamente.Disponible en 3 acabados: : simil piel negra, red negra o red blanca. Tambien esta disponible también en varias medidas.
179702;1;Silla acer red alta;250, 257;0;1;;;4;0;1;En Stock;1;1;1;#¡VALOR!;01/01/2018;http://www.phpandfriends.com/imagenes_csv/producto.png;;10/01/2020;Precioso sillon de diseno, apto para uso profesional o domestico.Dispone de un sistema sincronizado, el movimiento del respaldo y asiento se produce simultáneamente.Disponible en 3 acabados: : simil piel negra, red negra o red blanca. Tambien esta disponible también en varias medidas.
179703;1;Silla acer ecopiel ;250, 257;0;1;26100000013;;4;0;1;En Stock;1;1;1;-139;01/01/2018;http://www.phpandfriends.com/imagenes_csv/producto.png;;10/01/2020;Precioso sillon de diseno, apto para uso profesional o domestico.Dispone de un sistema sincronizado, el movimiento del respaldo y asiento se produce simultáneamente.Disponible en 3 acabados: : simil piel negra, red negra o red blanca. Tambien esta disponible también en varias medidas.
179704;1;Silla acer ecopiel baja;250, 257, 256;0;1;26100000014;;4;0;1;En Stock;1;1;1;-135;01/01/2018;http://www.phpandfriends.com/imagenes_csv/producto.png;;10/01/2020;Precioso sillon de diseno, apto para uso profesional o domestico.Dispone de un sistema sincronizado, el movimiento del respaldo y asiento se produce simultáneamente.Disponible en 3 acabados: : simil piel negra, red negra o red blanca. Tambien esta disponible también en varias medidas.
200082;1;Sillon slim red alto;250, 257, 251;0;1;;;8;0;1;En Stock;1;1;1;#¡VALOR!;01/01/2018;http://www.phpandfriends.com/imagenes_csv/producto.png;;10/01/2020;El sillón de oficina slim destaca indudablemente  por su diseño. Nos encontramos ante una línea realmente atractiva, elegante y actual. su tapizado en malla 100% transpirable es especialmente resistente, a la vez que favorece una óptima ventilación. .Este modelo supera a otras versiones más sencillas del mercado, gracias a la calidad de sus componentes y a sus prestaciones tecnicas.
200084;1;Sillon slim red bajo;250, 257, 256;0;1;;;8;0;1;En Stock;1;1;1;#¡VALOR!;01/01/2018;http://www.phpandfriends.com/imagenes_csv/producto.png;;10/01/2020;El sillón de oficina slim destaca indudablemente  por su diseño. Nos encontramos ante una línea realmente atractiva, elegante y actual. su tapizado en malla 100% transpirable es especialmente resistente, a la vez que favorece una óptima ventilación. .Este modelo supera a otras versiones más sencillas del mercado, gracias a la calidad de sus componentes y a sus prestaciones tecnicas.
200079;1;Sillon slim alto;250, 257, 251;0;1;;;8;0;1;En Stock;1;1;1;#¡VALOR!;01/01/2018;http://www.phpandfriends.com/imagenes_csv/producto.png;;10/01/2020;El sillón de oficina slim destaca indudablemente  por su diseño. Nos encontramos ante una línea realmente atractiva, elegante y actual. Su tapizado en simil piel es muy suave y elegante.Este modelo supera a otras versiones más sencillas del mercado, gracias a la calidad de sus componentes y a sus prestaciones tecnicas.
200081;1;Sillon slim bajo;250, 257, 256;0;1;;;8;0;1;En Stock;1;1;1;#¡VALOR!;01/01/2018;http://www.phpandfriends.com/imagenes_csv/producto.png;;10/01/2020;El sillón de oficina slim destaca indudablemente  por su diseño. Nos encontramos ante una línea realmente atractiva, elegante y actual. Su tapizado en simil piel es muy suave y elegante.Este modelo supera a otras versiones más sencillas del mercado, gracias a la calidad de sus componentes y a sus prestaciones tecnicas.
179708;1;Silla smart;250, 257;0;1;;;8;0;1;En Stock;1;1;1;#¡VALOR!;01/01/2018;http://www.phpandfriends.com/imagenes_csv/producto.png;;10/01/2020;Fantástica silla de diseño ergonómico y amplia sentada. Disponible en 2 colores, negro y beige. Una silla fantástica que combina una excelente ergonomía, diseño y un precio imbatible para una silla de su categoría.
179710;1;Silla nicole blanca;250, 257;0;1;26100000020;;8;0;1;En Stock;1;1;1;-149;01/01/2018;http://www.phpandfriends.com/imagenes_csv/producto.png;;10/01/2020;Silla de trabajo ergonómica de amplia sentada, equipada con mecanismo basculante y brazos regulables. Una silla de gran calidad a precio de operativa. 
179711;1;Silla nicole;250, 257;0;1;;;8;0;1;En Stock;1;1;1;#¡VALOR!;01/01/2018;http://www.phpandfriends.com/imagenes_csv/producto.png;;10/01/2020;Silla de trabajo ergonómica de amplia sentada, equipada con mecanismo basculante y brazos regulables. Una silla de gran calidad a precio de operativa. 
179719;1;Silla gioconda;250, 248, 257;0;1;;;8;0;1;En Stock;1;1;1;#¡VALOR!;01/01/2018;http://www.phpandfriends.com/imagenes_csv/producto.png;;10/01/2020;Si lo que quieres es una silla ergonómica con un precio ajustado y todas las comodidasdes no lo dudes, sin duda esta es la silla que estabas buscando Se trata de una silla ergonómica extraordinariamente confortable, sus formas redondeadas transmiten calidez al entorno de trabajo.
179720;1;Silla kendo;250, 248, 257;0;1;;;8;0;1;En Stock;1;1;1;#¡VALOR!;01/01/2018;http://www.phpandfriends.com/imagenes_csv/producto.png;;10/01/2020;Un nuevo paso en silleria profesional. Una silla de lineas geométricas moderna y elegante que te sorprenderá por la calidad de todos sus acabados. Opcionalmente la silla permite el acople de accesorios como reposacabezas y mecanismo de profundidad
179724;1;Silla kendo white;250, 248, 257;0;1;26100000034;;8;0;1;En Stock;1;1;1;-219;01/01/2018;http://www.phpandfriends.com/imagenes_csv/producto.png;;10/01/2020;Un nuevo paso en silleria profesional. Una silla de lineas geométricas moderna y elegante que te sorprenderá por la calidad de todos sus acabados. Opcionalmente la silla permite el acople de accesorios como reposacabezas y mecanismo de profundidad
200119;1;Reposacabezas silla kendo;260;0;1;;;0;0;1;En Stock;1;1;1;#¡VALOR!;01/01/2018;http://www.phpandfriends.com/imagenes_csv/producto.png;;10/01/2020;La silla Kendo ofrece la posibilidad de equiparla con un practico reposacabezas elevando de esta manera la altura del respaldo para disponer de un mejor apoyo del cuello cuando estamos sentados
200125;1;Reposacabezas  kendo white;260;0;1;26000000597;;0;0;1;En Stock;1;1;1;-25;01/01/2018;http://www.phpandfriends.com/imagenes_csv/producto.png;;10/01/2020;La silla Kendo ofrece la posibilidad de equiparla con un practico reposacabezas elevando de esta manera la altura del respaldo para disponer de un mejor apoyo del cuello cuando estamos sentados
200191;1;Mecanismo kendo;260;0;1;26000000663;;0;0;1;En Stock;1;1;1;-19;01/01/2018;http://www.phpandfriends.com/imagenes_csv/producto.png;;10/01/2020;Opcionalmente puedes equipar la silla con un mecanismo de profundidad que te permitirá regular la profundidad del asiento de la silla
200137;1;Silla wind red;250, 248, 257;0;1;;;8;0;1;En Stock;1;1;1;#¡VALOR!;01/01/2018;http://www.phpandfriends.com/imagenes_csv/producto.png;;10/01/2020;La silla wind es una silla desarrollada en exclusiva por Ofiprix para satisfacer las necesidades de las organizaciones modernas. Una silla de diseño sobrio pero elegante que ofrece todas las funciones necesarias para sentarse de forma ergonómica y saludable. 
200136;1;Silla wind tapizada;250, 248, 257;0;1;;;8;0;1;En Stock;1;1;1;#¡VALOR!;01/01/2018;http://www.phpandfriends.com/imagenes_csv/producto.png;;10/01/2020;La silla wind es una silla desarrollada en exclusiva por Ofiprix para satisfacer las necesidades de las organizaciones modernas. Una silla de diseño sobrio pero elegante que ofrece todas las funciones necesarias para sentarse de forma ergonómica y saludable. 
200192;1;Mecanismo wind;260;0;1;26000000664;;0;0;1;En Stock;1;1;1;-27;01/01/2018;http://www.phpandfriends.com/imagenes_csv/producto.png;;10/01/2020;Opcionalmente puedes equipar la silla con un mecanismo de profundidad que te permitirá regular la profundidad del asiento de la silla
200139;1;Silla wind cromo;250, 248, 257;0;1;26000000611;;8;0;1;En Stock;1;1;1;-269;01/01/2018;http://www.phpandfriends.com/imagenes_csv/producto.png;;10/01/2020;La silla wind es una silla desarrollada en exclusiva por Ofiprix para satisfacer las necesidades de las organizaciones modernas. Una silla de diseño sobrio pero elegante que ofrece todas las funciones necesarias para sentarse de forma ergonómica y saludable. 
200145;1;Juego de brazos silla wind alta;260;0;1;26000000617;;0;0;1;En Stock;1;1;1;-59;01/01/2018;http://www.phpandfriends.com/imagenes_csv/producto.png;;10/01/2020;Opcionalmente puedes equipar la silla con un juego de brazos regulables flexibles y con tacto suave. Sus formas redondeadas que transmiten calidez y  diseño al entorno de trabajo
200140;1;Silla wind respaldo bajo ecopiel;250, 257;0;1;26000000612;;8;0;1;En Stock;1;1;1;-159;01/01/2018;http://www.phpandfriends.com/imagenes_csv/producto.png;;10/01/2020;La silla wind es una silla desarrollada en exclusiva por Ofiprix para satisfacer las necesidades de las organizaciones modernas. Una silla de diseño sobrio pero elegante que ofrece todas las funciones necesarias para sentarse de forma ergonómica y saludable. 
200141;1;Silla wind respaldo bajo tejido;250, 257;0;1;;;8;0;1;En Stock;1;1;1;#¡VALOR!;01/01/2018;http://www.phpandfriends.com/imagenes_csv/producto.png;;10/01/2020;La silla wind es una silla desarrollada en exclusiva por Ofiprix para satisfacer las necesidades de las organizaciones modernas. Una silla de diseño sobrio pero elegante que ofrece todas las funciones necesarias para sentarse de forma ergonómica y saludable. 
200144;1;Juego de brazos silla wind baja;260;0;1;26000000616;;0;0;1;En Stock;1;1;1;-24;01/01/2018;http://www.phpandfriends.com/imagenes_csv/producto.png;;10/01/2020;Opcionalmente puedes equipar la silla con un juego de brazos regulables flexibles y con tacto suave. Sus formas redondeadas que transmiten calidez y  diseño al entorno de trabajo
200188;1;Silla protech ;250, 248, 251;0;1;;;8;0;1;En Stock;1;1;1;#¡VALOR!;01/01/2018;http://www.phpandfriends.com/imagenes_csv/producto.png;;10/01/2020;La silla ergonómica Protech es una silla de altas prestaciones tecnicas. Un ejemplo de ingeniería de primera clase, mano de obra meticulosa y materiales de primera calidad que garantizan una larga vida. Un modelo atemporal todo terreno para un uso diario de más de 8 horas diarias
200190;1;Silla protech white;250, 248, 251;0;1;26000000662;;8;0;1;En Stock;1;1;1;-329;01/01/2018;http://www.phpandfriends.com/imagenes_csv/producto.png;;10/01/2020;La silla ergonómica Protech es una silla de altas prestaciones tecnicas. Un ejemplo de ingeniería de primera clase, mano de obra meticulosa y materiales de primera calidad que garantizan una larga vida. Un modelo atemporal todo terreno para un uso diario de más de 8 horas diarias
200185;1;Silla protech baja;250, 248, 256;0;1;;;8;0;1;En Stock;1;1;1;#¡VALOR!;01/01/2018;http://www.phpandfriends.com/imagenes_csv/producto.png;;10/01/2020;La silla ergonómica Protech es una silla de altas prestaciones tecnicas. Un ejemplo de ingeniería de primera clase, mano de obra meticulosa y materiales de primera calidad que garantizan una larga vida. Un modelo atemporal todo terreno para un uso diario de más de 8 horas diarias
200187;1;Silla protech baja white;250, 248, 256;0;1;26000000659;;8;0;1;En Stock;1;1;1;-295;01/01/2018;http://www.phpandfriends.com/imagenes_csv/producto.png;;10/01/2020;La silla ergonómica Protech es una silla de altas prestaciones tecnicas. Un ejemplo de ingeniería de primera clase, mano de obra meticulosa y materiales de primera calidad que garantizan una larga vida. Un modelo atemporal todo terreno para un uso diario de más de 8 horas diarias
179725;1;Silla spine;250, 248;0;1;;;8;0;1;En Stock;1;1;1;#¡VALOR!;01/01/2018;http://www.phpandfriends.com/imagenes_csv/producto.png;;10/01/2020;Fantástica silla ergonómica de diseño, una silla tecnológica altamente adaptable. El secreto reside en sus aletas flexibles que imitan las vertebras de una espalda humana y se adaptan a nuestros movimientos. Disponible en varios colores y equipada con mecanismo syncron multiposición.
179729;1;Silla spine ecopiel;250, 248, 251;0;1;26100000039;;8;0;1;En Stock;1;1;1;-299;01/01/2018;http://www.phpandfriends.com/imagenes_csv/producto.png;;10/01/2020;Fantástica silla ergonómica de diseño, una silla tecnológica altamente adaptable. El secreto reside en sus aletas flexibles que imitan las vertebras de una espalda humana y se adaptan a nuestros movimientos. Disponible en varios colores y equipada con mecanismo syncron multiposición.
200181;1;Reposacabezas spine;260;0;1;;;0;0;1;En Stock;1;1;1;#¡VALOR!;01/01/2018;http://www.phpandfriends.com/imagenes_csv/producto.png;;10/01/2020;La silla Spine te ofrece la posibilidad de equiparla con un practico reposacabezas elevando de esta manera la altura del respaldo para disponer de un mejor apoyo del cuello cuando estamos sentados
179730;1;Silla madonna;244, 248;0;1;26100000040;;8;0;1;En Stock;1;1;1;-339;01/01/2018;http://www.phpandfriends.com/imagenes_csv/producto.png;;10/01/2020;Silla de trabajo ergonómica para uso profesional, con sistemas de ajuste inteligente, mecanismo relax, asientos de espuma inyectada y brazos regulables
179731;1;Silla madonna plus;244, 248;0;1;26100000041;;8;0;1;En Stock;1;1;1;-399;01/01/2018;http://www.phpandfriends.com/imagenes_csv/producto.png;;10/01/2020;Silla de trabajo ergonómica para uso profesional, con sistemas de ajuste inteligente, mecanismo relax, asientos de espuma inyectada y brazos regulables
179733;1;Silla ergomax red;244, 248;0;1;26100000043;;8;0;1;En Stock;1;1;1;-399;01/01/2018;http://www.phpandfriends.com/imagenes_csv/producto.png;;10/01/2020;Fántastica silla ergonómica de altas prestaciones técnicas. Perfecta para personas que pasen largas horas de su jornada laboral sentadas.Muy cómoda. Disponible con asientos de espuma inyectada o de red.
179734;1;Silla ergomax tapizado;244, 248;0;1;26100000044;;8;0;1;En Stock;1;1;1;-799;01/01/2018;http://www.phpandfriends.com/imagenes_csv/producto.png;;10/01/2020;Fántastica silla ergonómica de altas prestaciones técnicas. Perfecta para personas que pasen largas horas de su jornada laboral sentadas.Muy cómoda. Disponible con asientos de espuma inyectada o de red.
200164;1;Reposacabezas silla ergomax;260;0;1;26000000636;;0;0;1;En Stock;1;1;1;-49;01/01/2018;http://www.phpandfriends.com/imagenes_csv/producto.png;;10/01/2020;La silla Ergomax ofrece la posibilidad de equiparla con un practico reposacabezas elevando de esta manera la altura del respaldo para disponer de un mejor apoyo del cuello cuando estamos sentados
179735;1;Silla keystone piel;244;0;1;26100000045;;8;0;1;En Stock;1;1;1;#¡VALOR!;01/01/2018;http://www.phpandfriends.com/imagenes_csv/producto.png;;10/01/2020;Keystone es una silla de diseño tecnológica de alto nivel. Su respaldo flexible acompaña los movimientos de la espalda cuando estamos sentados. Algunos detalles de calidad: todo el marco de la silla es de aluminio pulido, su mecanismo syncron de nueva generación permite controlar todos los movimientos desde una sola palanca 
179736;1;Silla keystone;244;0;1;;;8;0;1;En Stock;1;1;1;#¡VALOR!;01/01/2018;http://www.phpandfriends.com/imagenes_csv/producto.png;;10/01/2020;Keystone es una silla de diseño tecnológica de alto nivel. Su respaldo flexible acompaña los movimientos de la espalda cuando estamos sentados. Algunos detalles de calidad: todo el marco de la silla es de aluminio pulido, su mecanismo syncron de nueva generación permite controlar todos los movimientos desde una sola palanca 
200134;1;Reposacabezas keystone piel;260;0;1;26000000606;;0;0;1;En Stock;1;1;1;-45;01/01/2018;http://www.phpandfriends.com/imagenes_csv/producto.png;;10/01/2020;La silla Keystone te ofrece la posibilidad de equiparla con un practico reposacabezas elevando de esta manera la altura del respaldo para disponer de un mejor apoyo del cuello cuando estamos sentados
200131;1;Reposacabezas keystone;260;0;1;;;0;0;1;En Stock;1;1;1;#¡VALOR!;01/01/2018;http://www.phpandfriends.com/imagenes_csv/producto.png;;10/01/2020;La silla Keystone te ofrece la posibilidad de equiparla con un practico reposacabezas elevando de esta manera la altura del respaldo para disponer de un mejor apoyo del cuello cuando estamos sentados
179746;1;Sillon londres;251, 257;0;1;26100000056;;8;0;1;En Stock;1;1;1;-229;01/01/2018;http://www.phpandfriends.com/imagenes_csv/producto.png;;10/01/2020;Excelente sillón de oficina para uso profesional o doméstico, con materiales de calidad, muy confortable y con un precioso diseño. P. Su alto respaldo ofrece un soporte firme para aliviar las tensiones de la columna vertebral.
179732;1;Sillon city;251, 257;0;1;26100000042;;8;0;1;En Stock;1;1;1;-429;01/01/2018;http://www.phpandfriends.com/imagenes_csv/producto.png;;10/01/2020;Fantástico sillón de oficina que destaca especialmente por su comodidad.  Fabricado con materiales de calidad,  su doble acolchado con cojinetes laterales en toda la zona lumbar ayudan a mantener nuestra espalda en la posición correcta mientras trabajamos.
200177;1;Sillon tauro;251, 257;0;1;;;8;0;1;En Stock;1;1;1;#¡VALOR!;01/01/2018;http://www.phpandfriends.com/imagenes_csv/producto.png;;10/01/2020;Tauro es un sillón tan cómodo como robusto y resistente. Su doble acolchado aporta un confort extra en asiento y respaldo que cuenta con el reposacabezas integrado, para que puedas mantener una correcta y cómoda postura.
179747;1;Sillon bahia ecopiel;251;0;1;26100000057;;8;0;1;En Stock;1;1;1;#¡VALOR!;01/01/2018;http://www.phpandfriends.com/imagenes_csv/producto.png;;10/01/2020;Sensacional sillón que reúne al mismo tiempo, un diseño muy elegante con un confort extraordinario. Su respaldo es muy confortable y tiene refuerzos laterales consiguiendo corregir la postura de la espalda. Esto unido a su mecanismo relax lo convierten en un sillón pensado para estar muchas horas en él y sentirte muy agusto, perfectamente adaptado para un uso intensivo de más de 8 horas al día. ADEMÁS esta disponible en varios colores y acabados. Lo tienes disponible en piel sintetica o bien en piel natural.
179749;1;Sillon bahia piel;251;0;1;;;8;0;1;En Stock;1;1;1;#¡VALOR!;01/01/2018;http://www.phpandfriends.com/imagenes_csv/producto.png;;10/01/2020;Sensacional sillón que reúne al mismo tiempo, un diseño muy elegante con un confort extraordinario. Su respaldo es muy confortable y tiene refuerzos laterales consiguiendo corregir la postura de la espalda. Esto unido a su mecanismo relax lo convierten en un sillón pensado para estar muchas horas en él y sentirte muy agusto, perfectamente adaptado para un uso intensivo de más de 8 horas al día. ADEMÁS esta disponible en varios colores y acabados. Lo tienes disponible en piel sintetica o bien en piel natural.
179754;1;Sillon bahia patin ecopiel;251, 258, 253;0;1;26100000064;;8;0;1;En Stock;1;1;1;#¡VALOR!;01/01/2018;http://www.phpandfriends.com/imagenes_csv/producto.png;;10/01/2020;Sensacional sillón que reúne al mismo tiempo, un diseño muy elegante con un confort extraordinario. Su respaldo es muy confortable y tiene refuerzos laterales consiguiendo corregir la postura de la espalda. Esto unido a su mecanismo relax lo convierten en un sillón pensado para estar muchas horas en él y sentirte muy agusto, perfectamente adaptado para un uso intensivo de más de 8 horas al día. ADEMÁS esta disponible en varios colores y acabados. Lo tienes disponible en piel sintetica o bien en piel natural.
179755;1;Sillon bahia patin;251, 258, 253;0;1;;;8;0;1;En Stock;1;1;1;#¡VALOR!;01/01/2018;http://www.phpandfriends.com/imagenes_csv/producto.png;;10/01/2020;Sensacional sillón que reúne al mismo tiempo, un diseño muy elegante con un confort extraordinario. Su respaldo es muy confortable y tiene refuerzos laterales consiguiendo corregir la postura de la espalda. Esto unido a su mecanismo relax lo convierten en un sillón pensado para estar muchas horas en él y sentirte muy agusto, perfectamente adaptado para un uso intensivo de más de 8 horas al día. ADEMÁS esta disponible en varios colores y acabados. Lo tienes disponible en piel sintetica o bien en piel natural.
179760;1;Sillon oxford;251;0;1;26100000070;;8;0;1;En Stock;1;1;1;-399;01/01/2018;http://www.phpandfriends.com/imagenes_csv/producto.png;;10/01/2020;Oxford es un sillón que sorprende por su comodidad, esa agradable sensación de la piel natural, suave al tacto y muy resistente. Sus formas generosas y contundentes aportan la categoría que todo sillón de dirección debe transmitir. Un sillón que lo tiene todo, calidad, estilo y diseño.
200167;1;Sillon duo alto;251;0;1;;;8;0;1;En Stock;1;1;1;#¡VALOR!;01/01/2018;http://www.phpandfriends.com/imagenes_csv/producto.png;;10/01/2020;Sillón de diseño con tapizado bicolor. Su elegante paleta de colores encaja en cualquier organización moderna. Diseñado para uso profesional, muy cómodo y resistente
200168;1;Sillon duo bajo;251, 256, 253;0;1;;;8;0;1;En Stock;1;1;1;#¡VALOR!;01/01/2018;http://www.phpandfriends.com/imagenes_csv/producto.png;;10/01/2020;Sillón de diseño con tapizado bicolor. Su elegante paleta de colores encaja en cualquier organización moderna. Diseñado para uso profesional, muy cómodo y resistente
200171;1;Pies cromados;260;0;1;26000000643;;0;0;1;En Stock;1;1;1;-20;01/01/2018;http://www.phpandfriends.com/imagenes_csv/producto.png;;10/01/2020;
200110;1;Sillon lounge village;254, 251;0;1;26000000582;;0;0;1;En Stock;1;1;1;-639;01/01/2018;http://www.phpandfriends.com/imagenes_csv/producto.png;;10/01/2020;El sillón de recepción Lounge introduce un nuevo nivel de confort gracias su sentada flexible y ergonómica. Una relajante butaca que será la mejor carta de presentación de su empresa o despacho
196642;1;Butaca giratoria club;254, 251;0;1;;;0;0;1;En Stock;1;1;1;#¡VALOR!;01/01/2018;http://www.phpandfriends.com/imagenes_csv/producto.png;;10/01/2020;El sillón club es todo un clásico, un diseño de lineas sinuosas inspirado en la naturaleza.  Equipado con base giratoria en acabado cromo, una opcion excelente como sillon de recepcion o para recibir a visitas y proveedores
196643;1;Butaca bigboss;254, 251;0;1;26001000026;;0;0;1;En Stock;1;1;1;-259;01/01/2018;http://www.phpandfriends.com/imagenes_csv/producto.png;;10/01/2020;Todo un icono del mobiliario de diseño del ultimo siglo. Inspirado en la obra del danes Arne Jacobsen. Su amplio asiento y sus formas envolventes  proporcionan una sensación de confort e intimidad únicas
200111;1;Sillon vanity alto;251;0;1;;;8;0;1;En Stock;1;1;1;#¡VALOR!;01/01/2018;http://www.phpandfriends.com/imagenes_csv/producto.png;;10/01/2020;"Vanity es un sillón de alta dirección con refinados acabados. La combinación de materiales nobles como el acero y la piel , su alto valor estético y su sentada ergonómica sorprenden incluso a los más exigentes.
"
200112;1;Sillon vanity bajo;251, 256, 253;0;1;;;8;0;1;En Stock;1;1;1;#¡VALOR!;01/01/2018;http://www.phpandfriends.com/imagenes_csv/producto.png;;10/01/2020;"Vanity es un sillón de alta dirección con refinados acabados. La combinación de materiales nobles como el acero y la piel , su alto valor estético y su sentada ergonómica sorprenden incluso a los más exigentes.
"
200115;1;Sillon icon alto;251;0;1;26000000587;;8;0;1;En Stock;1;1;1;-309;01/01/2018;http://www.phpandfriends.com/imagenes_csv/producto.png;;10/01/2020;###############################################################################################################################################################################################################################################################
200116;1;Sillon icon bajo;251, 256, 253;0;1;26000000588;;8;0;1;En Stock;1;1;1;-309;01/01/2018;http://www.phpandfriends.com/imagenes_csv/producto.png;;10/01/2020;###############################################################################################################################################################################################################################################################
200172;1;Sillon domus;251, 248;0;1;26000000644;;8;0;1;En Stock;1;1;1;-349;01/01/2018;http://www.phpandfriends.com/imagenes_csv/producto.png;;10/01/2020;Sillón de dirección ergonómico tapizado en piel natural y equipado con mecanismo relax y brazos flexibles que permiten sincronizar el movimiento del respaldo con el asiento
200176;1;Sillon convex;251, 248;0;1;26000000648;;8;0;1;En Stock;1;1;1;-389;01/01/2018;http://www.phpandfriends.com/imagenes_csv/producto.png;;10/01/2020;Sillón de dirección ergonómico tapizado en piel natural y equipado con mecanismo relax y brazos flexibles que permiten sincronizar el movimiento del respaldo con el asiento
179761;1;Sillon jaguar;251;0;1;26100000071;;8;0;1;En Stock;1;1;1;#¡VALOR!;01/01/2018;http://www.phpandfriends.com/imagenes_csv/producto.png;;10/01/2020;Preciso sillón de dirección de diseño. Un verdadero icono de diseño, con un precio espectacular y homologación para uso intensivo de más de 8 horas. . Un sillón que destaca por su alto respaldo ergómico y flexible.
179762;1;Sillon chesterfield;251;0;1;;;8;0;1;En Stock;1;1;1;#¡VALOR!;01/01/2018;http://www.phpandfriends.com/imagenes_csv/producto.png;;10/01/2020;Si buscas un sillón de dirección de lujo con la máxima calidad no lo dudes. Su tapizado en piel natural de gran calidad y acabados es espectacular.Podrás sentir la exclusividad en cada uno de los detalles de este imponente sillón. 
200174;1;Sillon chesterfield bajo;251, 256;0;1;26000000646;;8;0;1;En Stock;1;1;1;-279;01/01/2018;http://www.phpandfriends.com/imagenes_csv/producto.png;;10/01/2020;Si buscas un sillón de dirección de lujo con la máxima calidad no lo dudes. Su tapizado  de gran calidad y acabados es espectacular.Podrás sentir la exclusividad en cada uno de los detalles de este imponente sillón. 
200165;1;Sillon master;251;0;1;;;8;0;1;En Stock;1;1;1;#¡VALOR!;01/01/2018;http://www.phpandfriends.com/imagenes_csv/producto.png;;10/01/2020;Master es un sillón de alta dirección de formas sugerentes y extraordinario confort.  Tapizado en piel natural y disponible en 2 colores negro o blanco
200175;1;Sillon president;251;0;1;26000000647;;8;0;1;En Stock;1;1;1;-659;01/01/2018;http://www.phpandfriends.com/imagenes_csv/producto.png;;10/01/2020;President es un sillón de alta dirección contemporáneo, de formas ergonómicas y extraordinario confort.Tapizado en piel natural microperforada, la misma tecnica que se utiliza en los coches de gran lujo
200146;1;Sillon croma alto;251, 257;0;1;;;8;0;1;En Stock;1;1;1;#¡VALOR!;01/01/2018;http://www.phpandfriends.com/imagenes_csv/producto.png;;10/01/2020;"Croma es un sillón de diseño que sorprende por la calidad de todos sus acabados. Disponible en una amplia variedad de colores. Croma esta disponible también en varias medidas.Nos encontramos con un sillón realmente atractivo, elegante y actual. 
"
200147;1;Sillon croma bajo;251, 257, 256;0;1;;;8;0;1;En Stock;1;1;1;#¡VALOR!;01/01/2018;http://www.phpandfriends.com/imagenes_csv/producto.png;;10/01/2020;"Croma es un sillón de diseño que sorprende por la calidad de todos sus acabados. Disponible en una amplia variedad de colores. Croma esta disponible también en varias medidas.Nos encontramos con un sillón realmente atractivo, elegante y actual. 
"
200148;1;Sillon croma patin;251, 256, 253;0;1;;;8;0;1;En Stock;1;1;1;#¡VALOR!;01/01/2018;http://www.phpandfriends.com/imagenes_csv/producto.png;;10/01/2020;"Croma es un sillón de diseño que sorprende por la calidad de todos sus acabados. Disponible en una amplia variedad de colores. Croma esta disponible también en varias medidas.Nos encontramos con un sillón realmente atractivo, elegante y actual. 
"
200197;1;Silla miss;253, 258, 216;0;1;;;0;0;1;En Stock;1;1;1;#¡VALOR!;01/01/2018;http://www.phpandfriends.com/imagenes_csv/producto.png;;10/01/2020;Fantástica silla confidente, perfecta en areas de recepción, espera o como confidente para recibir a tus visitas con una relación calidad-precio sorprendente
200198;1;Silla miss con atril;253, 259, 216;0;1;;;0;0;1;En Stock;1;1;1;#¡VALOR!;01/01/2018;http://www.phpandfriends.com/imagenes_csv/producto.png;;10/01/2020;Fantástica silla con atril perfecta en para aulas de formación con una relación calidad-precio sorprendente
200095;1;Silla ares;253, 258, 216;0;1;;;0;0;1;En Stock;1;1;1;#¡VALOR!;01/01/2018;http://www.phpandfriends.com/imagenes_csv/producto.png;;10/01/2020;"Si estas buscando una silla moderna, económica y de calidad no lo dudes, esta es la silla que necesitas. Los materiales utilizados en la producción de esta silla son de gran calidad. La carcasa de asiento y respaldo es  de polipropileno, un tipo de plástico muy resistente y flexible , su estructura está construida en marco de acero tubular con 4 patas cromadas. 
"
200089;1;Silla ares con brazos;253, 259, 216;0;1;;;0;0;1;En Stock;1;1;1;#¡VALOR!;01/01/2018;http://www.phpandfriends.com/imagenes_csv/producto.png;;10/01/2020;"Si estas buscando una silla moderna, económica y de calidad no lo dudes, esta es la silla que necesitas. Los materiales utilizados en la producción de esta silla son de gran calidad. La carcasa de asiento y respaldo es  de polipropileno, un tipo de plástico muy resistente y flexible , su estructura está construida en marco de acero tubular con 4 patas cromadas. 
"
200211;1;Replay silla;253, 258, 216;0;1;;;0;0;1;En Stock;1;1;1;#¡VALOR!;01/01/2018;http://www.phpandfriends.com/imagenes_csv/producto.png;;10/01/2020;Replay es una silla innovadora de diseño sencillo y elegante que aplica las últimas soluciones técnicas para ofrecer un producto resistente y de calidad con un precio muy ajustado.
200053;1;Arco silla;253, 259, 216;0;1;;;0;0;1;En Stock;1;1;1;#¡VALOR!;01/01/2018;http://www.phpandfriends.com/imagenes_csv/producto.png;;10/01/2020;Diseñada para los amantes del espacio, esta silla plegable con una línea fresca y actualizada es ideal para cualquier tipo de entorno: desde el hogar hasta la oficina y las áreas públicas. Es fácil y rápido de cerrar gracias a los pasadores fijados al asiento en las guías aplicadas a las patas traseras. 
200313;1;Silla urban 4 patas;253, 258, 216;0;1;;;0;0;1;En Stock;1;1;1;#¡VALOR!;01/01/2018;http://www.phpandfriends.com/imagenes_csv/producto.png;;10/01/2020;"Urban es una colección de sillería de diseño moderno y polivalente para espacios tanto de uso publico como privado. Un completo programa de asientos y estructuras en varios colores y acabado con la opción también de tapizado. Su diseño depurado, minimalista y confortable junto a la gran variedad de opciones disponibles
se integran perfectamente en todo tipo de proyectos."
200297;1;Silla urban patin;253, 258, 216;0;1;;;0;0;1;En Stock;1;1;1;#¡VALOR!;01/01/2018;http://www.phpandfriends.com/imagenes_csv/producto.png;;10/01/2020;"Urban es una colección de sillería de diseño moderno y polivalente para espacios tanto de uso publico como privado. Un completo programa de asientos y estructuras en varios colores y acabado con la opción también de tapizado. Su diseño depurado, minimalista y confortable junto a la gran variedad de opciones disponibles
se integran perfectamente en todo tipo de proyectos."
200325;1;Silla urban 4 patas c/brazos;253, 258, 216;0;1;;;0;0;1;En Stock;1;1;1;#¡VALOR!;01/01/2018;http://www.phpandfriends.com/imagenes_csv/producto.png;;10/01/2020;"Urban es una colección de sillería de diseño moderno y polivalente para espacios tanto de uso publico como privado. Un completo programa de asientos y estructuras en varios colores y acabado con la opción también de tapizado. Su diseño depurado, minimalista y confortable junto a la gran variedad de opciones disponibles
se integran perfectamente en todo tipo de proyectos."
200326;1;Silla urban patin c/brazos;253, 258, 216;0;1;;;0;0;1;En Stock;1;1;1;#¡VALOR!;01/01/2018;http://www.phpandfriends.com/imagenes_csv/producto.png;;10/01/2020;26000000798
200296;1;Silla urban c/pala;253, 259, 216;0;1;;;0;0;1;En Stock;1;1;1;#¡VALOR!;01/01/2018;http://www.phpandfriends.com/imagenes_csv/producto.png;;10/01/2020;"Urban es una colección de sillería de diseño moderno y polivalente para espacios tanto de uso publico como privado. Un completo programa de asientos y estructuras en varios colores y acabado con la opción también de tapizado. Su diseño depurado, minimalista y confortable junto a la gran variedad de opciones disponibles
se integran perfectamente en todo tipo de proyectos."
200203;1;Taburete miss;252;0;1;;;0;0;1;En Stock;1;1;1;#¡VALOR!;01/01/2018;http://www.phpandfriends.com/imagenes_csv/producto.png;;10/01/2020;Fantástico taburete profesional, combinable con el programa de sillas de la misma colección. La ventaja es que puede amueblar su oficina con el mismo programa manteniendo de esta manera el mismo estilo
200107;1;Taburete ares;252;0;1;;;0;0;1;En Stock;1;1;1;#¡VALOR!;01/01/2018;http://www.phpandfriends.com/imagenes_csv/producto.png;;10/01/2020;Taburete de calidad con buenas prestaciones, perfecto para conseguir la máxima eficiencia y confort en el trabajo. La ventaja es que puede amueblar su oficina con el mismo programa manteniendo de esta manera el mismo estilo
200312;1;Taburete urban;252;0;1;;;0;0;1;En Stock;1;1;1;#¡VALOR!;01/01/2018;http://www.phpandfriends.com/imagenes_csv/producto.png;;10/01/2020;"Urban es una colección de sillería de diseño moderno y polivalente para espacios tanto de uso publico como privado. Un completo programa de asientos y estructuras en varios colores y acabado con la opción también de tapizado. Su diseño depurado, minimalista y confortable junto a la gran variedad de opciones disponibles
se integran perfectamente en todo tipo de proyectos."
200059;1;Taburete de trabajo atlas;252;0;1;26000000531;;0;0;1;En Stock;1;1;1;-124;01/01/2018;http://www.phpandfriends.com/imagenes_csv/producto.png;;10/01/2020;Taburete de trabajo ergonómico, giratorio y regulable en altura, con asiento y respaldo de poliuretano inyectado de alta resistencia .Especial para talleres u oficios donde hay que pasar la mayor parte del tiempo trabajando de pie o sentado. El poliuretano inyectado lo hace resistente al uso, elemento clave para este tipo de trabajos. Su mejor característica es el aro reposapiés cromado para un mejor apoyo de los pies
200058;1;Taburete de trabajo ergos;252;0;1;26000000530;;0;0;1;En Stock;1;1;1;-115;01/01/2018;http://www.phpandfriends.com/imagenes_csv/producto.png;;10/01/2020;Taburete de trabajo ergonómico con ruedas, giratorio y regulable en altura, con asiento y respaldo de poliuretano inyectado de alta resistencia .Especial para talleres u oficios donde hay que pasar la mayor parte del tiempo trabajando de pie o sentado. El poliuretano inyectado lo hace resistente al uso, elemento clave para este tipo de trabajos. 
200056;1;Taburete de apoyo lego;252;0;1;26000000528;;0;0;1;En Stock;1;1;1;-95;01/01/2018;http://www.phpandfriends.com/imagenes_csv/producto.png;;10/01/2020;taburete de inclinado, ideal para tareas que requieren precisión y libertad de movimientos. Es un modelo de calidad fabricado con materiales resistentes y pensados para surar mucho tiempo como el primer día.
200057;1;Taburete bajo easy;252;0;1;26000000529;;0;0;1;En Stock;1;1;1;-88;01/01/2018;http://www.phpandfriends.com/imagenes_csv/producto.png;;10/01/2020;Modelo pensado para ser utilizado en diferentes ambientes de trabajo gracias a su versatilidad y comodidad. Ofrece un diseño elegante y los materiales utilizados para su fabricación son de alta calidad. El resultado es un taburete sólido, robusto y bonito al mismo tiempo.
179769;1;Maya confidente;253, 258;0;1;;;0;0;1;En Stock;1;1;1;#¡VALOR!;01/01/2018;http://www.phpandfriends.com/imagenes_csv/producto.png;;10/01/2020;Fantásticasilla confidente de líneas sobrias y resistente, facilmente combinable con otras sillas de red. Una silla homologada preparada para un uso intensivo profesional.Elegante. Diseño sobrio y actual, perfecta en la oficina para recibir a sus visitas o en salas de espera, facilmente combinable con otras sillas giratorias de red.
179773;1;Sillon stuttgart;251, 253, 258;0;1;26100000083;;0;0;1;En Stock;1;1;1;-325;01/01/2018;http://www.phpandfriends.com/imagenes_csv/producto.png;;10/01/2020;Elegante sillón para despachos de dirección muy elegante con refinados acabados.El diseño, de líneas rectas y sobrias combina muy bien con prácticamente cualquier sillón de dirección de nuestra colección.  
179774;1;Sillon manchester;251, 256, 258;0;1;26100000084;;8;0;1;En Stock;1;1;1;-299;01/01/2018;http://www.phpandfriends.com/imagenes_csv/producto.png;;10/01/2020;Sillón perfecto para salas de reunión, mesas de juntas o como sillón confidente. Equipado con mecanismo giratorio. Su respaldo de formas envolventes es extraordinariamente cómodo al recoger todos los músculos de nuestra espalda cuando estamos sentados. Ergonómico.Sillón perfecto para salas de reunión, mesas de juntas o como sillón confidente. Equipado con mecanismo giratorio. Su respaldo de formas envolventes es extraordinariamente cómodo al recoger todos los músculos de nuestra espalda cuando estamos sentados. Calidad.Fabricado con materiales de gran calidad, el asiento es un molde de espuma inyectada, muy resistente y practicamente indeformable, esta tapizado en una suave polipiel muy agradable al tacto.Multiusos. Apto para cualquier ambiente de trabajo y para el hogar. Perfecto como sillón confidente para recibir a sus visitas, salas de conferencias o para salas de reunión o de espera. Giratorio.El sillón está equipado con un mecanismo giratorio con retroceso de forma que cuando nos giramos el sillón vuelve  automáticamente a la posición inicial, este mecanismo es muy practico en salas de reunión donde cambiamos de interlocutor muy a menudo
200173;1;Sillon bubble giratorio;251, 256, 258;0;1;26000000645;;8;0;1;En Stock;1;1;1;-279;01/01/2018;http://www.phpandfriends.com/imagenes_csv/producto.png;;10/01/2020; silla lounge contemporánea de diseño, aporta al espacio de oficina el calor del mobiliario de hogar. Diseño y comodidad se combinan. Ya sea en salas de reuniones, salas de espera u oficinas, Bubble es siempre bienvenida.
179777;1;Silla oslo patin;251, 253, 258;0;1;26100000087;;0;0;1;En Stock;1;1;1;-169;01/01/2018;http://www.phpandfriends.com/imagenes_csv/producto.png;;10/01/2020;Elegante silla patin tapizada en polipiel negra o blanca con costuras en forma rombo. Un diseño  elegante para cualquier entorno, en el comedor de tu casa o en tu despacho como elegante confidente para recibir a tus visitas.Muy cómoda. Su acolchado es muy comodo y su estilo glamouroso y exclusivo hacen de esta silla un complemento muy practico a la vez que decorativo al mismo tiempo.
187384;1;Silla flex;244, 257, 248;0;1;26100000102;;4;0;1;En Stock;1;1;1;-189;01/01/2018;http://www.phpandfriends.com/imagenes_csv/producto.png;;10/01/2020;Silla de trabajo ergonómica equipada con mecanismo basculante, brazos regulables y reposacabezas. Una silla de gran calidad a precio de operativa.Silla ergonómica de malla - Con respaldo alto y reposacabezas diseñada para proporcionar un soporte óptimo en toda la espalda facilitando la respiracion y evitando que el calor corporal y la humedad se acumulen.Ergonomica - asiento con regulacion de altura, soporte de reposacabezas y apoyabrazos regulables.Adaptable. Equipada con mecanismo syncron con multibloqueo
187385;1;Silla lake;244, 257, 248;0;1;;;8;0;1;En Stock;1;1;1;#¡VALOR!;01/01/2018;http://www.phpandfriends.com/imagenes_csv/producto.png;;10/01/2020;Silla de trabajo ergonómica de amplia sentada, equipada con mecanismo basculante y brazos regulables. Una silla de gran calidad a precio de operativa.Silla ergonómica  - Con respaldo alto y reposacabezas diseñada para proporcionar un soporte óptimo en toda la espalda facilitando la respiracion y evitando que el calor corporal y la humedad se acumulen.Elimina la fatiga en las piernas. Asiento amplio con tapiceria tecnica de alta calidad y malla de red transpirable.
194593;1;Silla parma;244, 257, 248;0;1;;;4;0;1;En Stock;1;1;1;#¡VALOR!;01/01/2018;http://www.phpandfriends.com/imagenes_csv/producto.png;;10/01/2020;Parma es una silla giratoria con una gran relación calidad / precio. Equipada con mecanismo basculante, ajuste de tensión y brazos fijos. Su moderno tapizado con costuras horizontales la convierten en una excelente opción.
194608;1;Silla bridget;244, 257, 256;0;1;;;4;0;1;En Stock;1;1;1;#¡VALOR!;01/01/2018;http://www.phpandfriends.com/imagenes_csv/producto.png;;10/01/2020;Silla de trabajo de alto respaldo, muy comoda. Su respaldo flexible acompaña nuestros movimientos. Dispone de brazos tapizados , mecanismo giratorio y elevación mediante pistón de gas
196703;1;Silla match;245, 257;0;1;;;4;0;1;En Stock;1;1;1;#¡VALOR!;01/01/2018;http://www.phpandfriends.com/imagenes_csv/producto.png;;10/01/2020;Se trata de una silla muy completa con un precio espectacular. El respaldo es comodo y robusto, con un embellecedor cromado en la parte posterior que le da un estilo muy elegante. Su amplio asiento ofrece un confort extra
196706;1;Silla gaming ak-omega;245, 257;0;1;;;8;0;1;En Stock;1;1;1;#¡VALOR!;01/01/2018;http://www.phpandfriends.com/imagenes_csv/producto.png;;10/01/2020;La silla gaming AK omega destaca por su apariencia deportiva y elegante diseño, dará un toque especial a tu oficina o a tu hogar ¡Una pasada!. Su diseño único la hace muy especial, Su diseño único la hace muy especial, parecerá que estás inmerso en un Gran Premio de Fórmula 1
196709;1;Silla zenit pro;243, 257;0;1;26001000057;;8;0;1;En Stock;1;1;1;-389;01/01/2018;http://www.phpandfriends.com/imagenes_csv/producto.png;;10/01/2020;Esta novedosa silla ergonómica  presenta un moderno diseño, tanto en lo que respecta a estética como en funcionalidad y materiales. Ofrece prestaciones de gama superior, como mecanismo de reclinación bloqueable, a un precio increíblemente ajustado. Ideal para utilización intensiva a nivel profesional o doméstico ¡no te quedes sin ella!
196634;1;Silla nordic patchwork;243, 242, 232, 211;0;1;;;0;0;1;En Stock;1;1;1;#¡VALOR!;01/01/2018;http://www.phpandfriends.com/imagenes_csv/producto.png;;10/01/2020;"Nordic es una es una reinterpretación moderna de las famosas Sillas Tulip de Eero Saarinen, un icono del diseño industrial del siglo XX.
Una silla perfecta para aportar un toque de originalidad y diseño a tu hogar. Disponibles con base de madera o con base metálica"
196638;1;Silla nordic tapizada;243, 242, 232, 211;0;1;;;0;0;1;En Stock;1;1;1;#¡VALOR!;01/01/2018;http://www.phpandfriends.com/imagenes_csv/producto.png;;10/01/2020;"Nordic es una es una reinterpretación moderna de las famosas Sillas Tulip de Eero Saarinen, un icono del diseño industrial del siglo XX.
Una silla perfecta para aportar un toque de originalidad y diseño a tu hogar. Disponibles con base de madera o con base metálica"
196651;1;Silla joy patas madera;253, 258, 232, 216;0;1;;;0;0;1;En Stock;1;1;1;#¡VALOR!;01/01/2018;http://www.phpandfriends.com/imagenes_csv/producto.png;;10/01/2020;Silla de diseño con respaldo de propileno reforzado con fibra. Sus formas iconicas resultan muy comodas a la vez que muy atractivas visualmente
196656;1;Silla joy patin;253, 258, 216;0;1;;;0;0;1;En Stock;1;1;1;#¡VALOR!;01/01/2018;http://www.phpandfriends.com/imagenes_csv/producto.png;;10/01/2020;Silla de diseño con respaldo de propileno reforzado con fibra. Sus formas iconicas resultan muy comodas a la vez que muy atractivas visualmente
196660;1;Silla please 4 patas;253, 258, 232, 216;0;1;;;0;0;1;En Stock;1;1;1;#¡VALOR!;01/01/2018;http://www.phpandfriends.com/imagenes_csv/producto.png;;10/01/2020;Preciosa silla de diseño, sus formas delicadas y envolventes como una flor son sofisticadas y contemporáneas. Apta tanto para uso profesional como domestico disponible con varias opciones de color y estructuras
196663;1;Silla please giratoria;253, 258, 232, 216;0;1;;;0;0;1;En Stock;1;1;1;#¡VALOR!;01/01/2018;http://www.phpandfriends.com/imagenes_csv/producto.png;;10/01/2020;Preciosa silla de diseño, sus formas delicadas y envolventes como una flor son sofisticadas y contemporáneas. Apta tanto para uso profesional como domestico disponible con varias opciones de color y estructuras
196666;1;Silla julia patchwork;243, 242, 232, 211;0;1;;;0;0;1;En Stock;1;1;1;#¡VALOR!;01/01/2018;http://www.phpandfriends.com/imagenes_csv/producto.png;;10/01/2020;Silla de diseño de estética natural y estilo escandinavo. Sus formas delicadas y envolventes transmiten equilibrio y armonia a cualquier espacio de tu hogar
196668;1;Silla julia;243, 242, 232, 211;0;1;26001000044;;0;0;1;En Stock;1;1;1;-65;01/01/2018;http://www.phpandfriends.com/imagenes_csv/producto.png;;10/01/2020;Silla de diseño de estética natural y estilo escandinavo. Sus formas delicadas y envolventes transmiten equilibrio y armonia a cualquier espacio de tu hogar
154542;1;Silla witney;243, 242, 232, 211;0;1;;;0;0;1;En Stock;1;1;1;#¡VALOR!;01/01/2018;http://www.phpandfriends.com/imagenes_csv/producto.png;;10/01/2020;Confortable silla de comedor, cuyo asiento se adaptará a la perfeccción proporcionarte comodidad.De estilo moderno, cuenta con estructura de madera de haya y su asiento está tapizado en tapicería nobuck. Una tela muy agradable al tacto
122690;1;Silla nordic madera;243, 242, 232, 216;BLANCO;1;;;0;0;1;En Stock;1;1;1;#¡VALOR!;01/01/2018;http://www.phpandfriends.com/imagenes_csv/producto.png;;10/01/2020;"Nordic es una es una reinterpretación moderna de las famosas Sillas Tulip de Eero Saarinen, un icono del diseño industrial del siglo XX.
Una silla perfecta para aportar un toque de originalidad y diseño a tu hogar. Disponibles con base de madera o con base metálica"
122725;1;Silla nordic metal;243, 242, 232, 216;NEGRO;1;;;0;0;1;En Stock;1;1;1;#¡VALOR!;01/01/2018;http://www.phpandfriends.com/imagenes_csv/producto.png;;10/01/2020;"Nordic es una es una reinterpretación moderna de las famosas Sillas Tulip de Eero Saarinen, un icono del diseño industrial del siglo XX.
Una silla perfecta para aportar un toque de originalidad y diseño a tu hogar. Disponibles con base de madera o con base metálica"
65593;1;Silla diva;243, 242, 211;NEGRO;1;;;0;0;1;En Stock;1;1;1;#¡VALOR!;01/01/2018;http://www.phpandfriends.com/imagenes_csv/producto.png;;10/01/2020;¿Quieres una apuesta segura? Con la silla de comedor DIVA lo acabas de encontrar. Un bonito diseño moderno para llenar tu comedor o salón de clase y distinción. La estructura cromada de la silla diva hará que la estancia se llene de luminosidad.  Además, el alto respaldo permite que puedas apoyar completamente la espalda y conseguir así una mayor sensación de confort. 
129154;1;Silla maya;243, 242, 211;GRIS PLOMO;1;;;0;0;1;En Stock;1;1;1;#¡VALOR!;01/01/2018;http://www.phpandfriends.com/imagenes_csv/producto.png;;10/01/2020;Si estás buscando una silla para tu salón que sorprenda a todos por su diseño pero que ofrezca además todo el confort, sin duda la silla MAYA es lo que necesitas. Su asiento y respaldo tapizados en tapiceria nobuck son muy suaves y agradables al tacto y combinan con la estructura en negro antracita. Además incorpora una practica asa en la parte posterior para poder moverla más comodamente.
154881;1;Silla zeta;243, 242, 211;NEGRO;1;;;0;0;1;En Stock;1;1;1;#¡VALOR!;01/01/2018;http://www.phpandfriends.com/imagenes_csv/producto.png;;10/01/2020;Silla de diseño vanguardista moderno y actual. Una silla que sorprende por su originalidad y por la calidad de sus acabados. el respaldo y asiento estan unidos en una forma continua como si fuera un zig-zag. La base de la silla es de acero en acabado cromo y esta tapizada en piel sintética con costura horizontal. Incorpora además una practica asa en el respaldo para poder moverla más facilmente.
4164;1;Silla stella;243, 242, 211;LACADO BLANCO;1;;;0;0;1;En Stock;1;1;1;#¡VALOR!;01/01/2018;http://www.phpandfriends.com/imagenes_csv/producto.png;;10/01/2020;Fantástica silla de comedor. A destacar la carcasa del asiento en madera natural lacada en blanco y su respaldo ligeramente curvado y en suspensión. Robustez, calidad y elegancia, todo en la misma pieza
69237;1;Silla cloe;243, 242, 211;ANTRACITA;1;;;0;0;1;En Stock;1;1;1;#¡VALOR!;01/01/2018;http://www.phpandfriends.com/imagenes_csv/producto.png;;10/01/2020;No podemos imaginar una silla más elegante y sofisticada. Su alto respaldo y la calidez de su tapizado aporta ese plus de calidad que estabas buscando. Además, cloe esta disponible en una gran variedad de colores.
69241;1;Silla nancy;243, 242, 211;GRIS PERLA;1;;;0;0;1;En Stock;1;1;1;#¡VALOR!;01/01/2018;http://www.phpandfriends.com/imagenes_csv/producto.png;;10/01/2020;Su estructura de diseño clásico elaborado en madera y su suave tapizado hace de Nancy la silla de comedor preferida para muchos. Además Nancy esta disponible en una gran variedad de colores, para que puedas personalizar al máximo tus sillas
97692;1;Silla elena;243, 242, 214;PINO CLARO;1;;;0;0;1;En Stock;1;1;1;#¡VALOR!;01/01/2018;http://www.phpandfriends.com/imagenes_csv/producto.png;;10/01/2020;Preciosa silla de madera disponible en tres colores: Pino claro, Roble gris o Fresno blanco. La estructura de la silla está barnizada con el mismo tono de la madera.
186789;1;Taburete nordic;252;BLANCO;1;;;0;0;1;En Stock;1;1;1;#¡VALOR!;01/01/2018;http://www.phpandfriends.com/imagenes_csv/producto.png;;10/01/2020;Taburete de diseño estilo nórdico, una pieza moderna y vanguardista. Sus pies de madera con anillo de metal le aportan un plus de estabilidad, su respaldo es muy cómodo tapizado en piel sintética y respaldo en polipropileno
4149;1;Taburete seventy;252;BLANCO;1;;;0;0;1;En Stock;1;1;1;#¡VALOR!;01/01/2018;http://www.phpandfriends.com/imagenes_csv/producto.png;;10/01/2020;"Seventy es el taburete perfecto para cocina, restaurantes, eventos, fiestas privadas. Su diseño de colores vivos, deja percibir un encanto especial. Viene equipado con una palanca de elevación continua que te facilitará ajustarlo a cualquier barra o mostrador y su asiento se puede girar alrededor de 360 grados. Su practico reposapies te permite descansar comodamente los pies cuando estas sentado. Además su superficie es muy fácil de limpiar.
"
4153;1;Taburete mirko;252;NEGRO;1;;;0;0;1;En Stock;1;1;1;#¡VALOR!;01/01/2018;http://www.phpandfriends.com/imagenes_csv/producto.png;;10/01/2020;"Mirko es un taburete ideal para todo tipo de ambientes: cocina, restaurantes, eventos, fiestas privadas. Su respaldo ligeramente elevado recoge los musculos de nuestra espalda cuando estamos sentados. Viene equipado con una palanca de elevación continua que te facilitará ajustarlo a cualquier barra o mostrador y su asiento se puede girar alrededor de 360 grados. Su practico reposapies te permite descansar comodamente los pies cuando estas sentado. Además su superficie es muy fácil de limpiar.
"
191380;1;Silla maurice;243, 242, 232, 214;natural;1;;;0;0;1;En Stock;1;1;1;#¡VALOR!;01/01/2018;http://www.phpandfriends.com/imagenes_csv/producto.png;;10/01/2020;Maurice es un icono del diseño y la envidia de todos. Portada de multitud de revistas de decoración. Un estilo muy característico que no deja a nadie indiferente
191384;1;Silla ivette;243, 242, 232, 214;natural;1;;;0;0;1;En Stock;1;1;1;#¡VALOR!;01/01/2018;http://www.phpandfriends.com/imagenes_csv/producto.png;;10/01/2020;Ivette aparece en todas las revistas de decoración y es la envidia de todos. Portada de multitud de revistas de decoración, un estilo muy característico que no deja a nadie indiferente
191388;1;Silla versalles;243, 242, 232, 214;natural;1;;;0;0;1;En Stock;1;1;1;#¡VALOR!;01/01/2018;http://www.phpandfriends.com/imagenes_csv/producto.png;;10/01/2020;Diseño clásico y atemporal, la silla versalles recuerda a la estética de los muebles de principios del siglo XX. Que no te confundan, a diferencia de otras imitaciones de inferior calidad que existen en el mercado, la silla versalles esta fabricada en madera de olmo natural.
191392;1;Silla klint;243, 242, 232, 214;natural;1;;;0;0;1;En Stock;1;1;1;#¡VALOR!;01/01/2018;http://www.phpandfriends.com/imagenes_csv/producto.png;;10/01/2020;Inspirada en la famosa silla Wishbone de Hans Wenger. Todo un clasico del diseño fabricada en auténtica madera de olmo y asiento de cuerda. Su original diseño, de gusto escandinavo, se caracteriza por su respaldo en forma de Y. Este original diseño la convierten en una de las piezas más famosas del mobiliario de vanguardia.
191430;1;Silla gaming racer;245, 257;negro/azul;1;;;8;0;1;En Stock;1;1;1;#¡VALOR!;01/01/2018;http://www.phpandfriends.com/imagenes_csv/producto.png;;10/01/2020;Disfruta al máximo de tus juegos favoritos con esta fantástica silla gaming Racer. Su base giratoria y elevación a gas te permitirán realizar el ajuste necesario para que te sientas cómodo. Además, su asiento y respaldo de gran altura están tapizados en polipiel, dando ese toque de confort extra que necesitas. Ya sea para estudiar o divertirte, la silla Racer es el complemento ideal que estabas buscando
191433;1;Silla gaming diablo x;245, 257;negro/rojo;1;;;8;0;1;En Stock;1;1;1;#¡VALOR!;01/01/2018;http://www.phpandfriends.com/imagenes_csv/producto.png;;10/01/2020;Convierte en la envidia de todos con la moderna y futurista silla gaming diablo X. Absoluta comodidad y ergonomía gracias a su alto respaldo y apoyo, con revestimiento de cuero suave de PU, inclinación 135?, apoyabrazos regulables en altura, sistema de aireación y ruedas de diseño
191436;1;Taburete spiro negro;252;0;1;26000000358;;0;0;1;En Stock;1;1;1;-57;01/01/2018;http://www.phpandfriends.com/imagenes_csv/producto.png;;10/01/2020;Taburete de diseño ergonomico con funcion balanceo y elevacion mediante piston neumático. Disponible con estructura blanca o negra. De diseño simple y formas redondeadas, el taburete spiro encaja perfectamente en todo tipo de ambientes.
191439;1;Taburete spiro blanco;252;gris;1;;;0;0;1;En Stock;1;1;1;#¡VALOR!;01/01/2018;http://www.phpandfriends.com/imagenes_csv/producto.png;;10/01/2020;Taburete de diseño ergonomico con funcion balanceo y elevacion mediante piston neumático. Disponible con estructura blanca o negra. De diseño simple y formas redondeadas, el taburete spiro encaja perfectamente en todo tipo de ambientes.
54733;1;Silla metalica tex ;243, 242, 232, 215;blanco;1;;;0;0;1;En Stock;1;1;1;#¡VALOR!;01/01/2018;http://www.phpandfriends.com/imagenes_csv/producto.png;;10/01/2020;silla en acero de estilo industrial, sólida y resistente acabado con pintura electrostática con revestimiento tanto para uso exterior o interior.Apilable
191440;1;Silla metalica industry;243, 242, 232, 215;0;1;11000000018;;0;0;1;En Stock;1;1;1;-56;01/01/2018;http://www.phpandfriends.com/imagenes_csv/producto.png;;10/01/2020;La silla metalica industry con brazos de acero y asiento de madera tiene una personalidad marcadamente industrial que recuerda a las peliculas americanas antiguas de los años 50. Porque los clasicos nunca pasan de moda. Un clásico del diseño perfecto tanto para uso interior como exterior.
54737;1;Taburete metalico job;252, 215;plata;1;;;0;0;1;En Stock;1;1;1;#¡VALOR!;01/01/2018;http://www.phpandfriends.com/imagenes_csv/producto.png;;10/01/2020;Taburete  en acero de estilo industrial, sólido y resistente acabado con pintura electrostática con revestimiento tanto para uso exterior o interior
191442;1;Silla bertol;243, 242, 232, 215;0;1;11000000020;;0;0;1;En Stock;1;1;1;-62;01/01/2018;http://www.phpandfriends.com/imagenes_csv/producto.png;;10/01/2020;Inspirada en la famosa silla Bertoia, un clásico del diseño creado a partir de las barras de acero cromadas, fundidas y entrelazadas entre sí.El acabado de la silla es en malla de acero con cojin tapizado en simil piel negra. Una silla duradera y resistente apta tanto para uso interior como exterior
191458;1;Silla eiffel;243, 242, 232, 216;blanco;1;;;0;0;1;En Stock;1;1;1;#¡VALOR!;01/01/2018;http://www.phpandfriends.com/imagenes_csv/producto.png;;10/01/2020;La silla Eiffel es una inspiración de la silla DSR Eames, uno de los modelos más populares del diseño de vanguardia del último siglo. Estilo y elegancia se combinan para dar un toque único a cualquier espacio. 
191461;1;Silla eiffel metal;243, 242, 232, 216;negro;1;;;0;0;1;En Stock;1;1;1;#¡VALOR!;01/01/2018;http://www.phpandfriends.com/imagenes_csv/producto.png;;10/01/2020;La silla Eiffel es una inspiración de la silla DSR Eames, uno de los modelos más populares del diseño de vanguardia del último siglo. La carcasa de polipropileno se adapta perfectamente a nuestro cuerpo cuando estamos sentados, uno de los signos distintivos de esta silla es que el asiento y respaldo forman una sola pieza. Las patas metalicas estan unidas por un entramado de finas varillas cromadas muy resistente  inspirado en la famosa torre Eiffel
191463;1;Silla eiffel tapizada;243, 242, 232, 211;negro;1;;;0;0;1;En Stock;1;1;1;#¡VALOR!;01/01/2018;http://www.phpandfriends.com/imagenes_csv/producto.png;;10/01/2020;La silla Eiffel tapizada es una inspiración de la silla DSR Eames, uno de los modelos más populares del diseño de vanguardia del último siglo. En este modelo el asiento esta tapizado con un diseño abotonado para darle un plus de elegancia y confort
191464;1;Silla eiffel patchwork;243, 242, 232, 211;0;1;1,00E+11;;0;0;1;En Stock;1;1;1;-45;01/01/2018;http://www.phpandfriends.com/imagenes_csv/producto.png;;10/01/2020;La silla Eiffel patchwork es una inspiración de la silla DSR Eames, uno de los modelos más populares del diseño de vanguardia del último siglo. En este modelo el asiento esta tapizado con un diseño patchwork  para darle un toque de color
191465;1;Silla eloise transparente;243, 242, 232, 216;0;1;1,00E+11;;0;0;1;En Stock;1;1;1;-57;01/01/2018;http://www.phpandfriends.com/imagenes_csv/producto.png;;10/01/2020;Silla de diseño fabricada en policarbonato transparente. Sus formas sinuosas transmiten ligereza y un gran impacto visual. Es apta para exteriores al llevar un tratamiento anti rayos UV
191466;1;Silla devi transparente;243, 242, 232, 216;0;1;1,00E+11;;0;0;1;En Stock;1;1;1;-48;01/01/2018;http://www.phpandfriends.com/imagenes_csv/producto.png;;10/01/2020;Silla de diseño fabricada en policarbonato transparente. Sus formas sinuosas transmiten ligereza y un gran impacto visual. Es apilable y también apta para exteriores al llevar un tratamiento anti rayos UV
191486;1;Silla nina;243, 242, 211;negro;1;;;0;0;1;En Stock;1;1;1;#¡VALOR!;01/01/2018;http://www.phpandfriends.com/imagenes_csv/producto.png;;10/01/2020;Dentro de la simplicidad de sus lineas la silla nina no pasa desapercibida por su estilizado diseño y su alto respaldo. La estructura de la silla de 4 patas es muy robusta y su acabado cromado transmite calidad a todo el conjunto. A destacar también las elegantes costuras del respaldo con líneas verticales muy atractivas.
191491;1;Silla larissa;243, 242, 211;blanco;1;;;0;0;1;En Stock;1;1;1;#¡VALOR!;01/01/2018;http://www.phpandfriends.com/imagenes_csv/producto.png;;10/01/2020;Fantástica silla de diseño con estructura patin de acero cromado. Su diseño sobrio y elegante  contribuye enormemente a la decoración de tu hogar por su elegancia y distinción. Incorpora además una practica asa en el respaldo para poder moverla más facilmente.
191492;1;Silla freya;243, 242, 211;negro;1;;;0;0;1;En Stock;1;1;1;#¡VALOR!;01/01/2018;http://www.phpandfriends.com/imagenes_csv/producto.png;;10/01/2020;La silla freya destaca por su extraordinario confort gracias al doble respaldo que aporta un plus de comodidad extra. Una silla sobria y elegante en su conjunto a la par que versátil, ya que se adapta con facilidad en cualquier espacio.
70759;1;Silla victoria;243, 242, 211;negro;1;;;0;0;1;En Stock;1;1;1;#¡VALOR!;01/01/2018;http://www.phpandfriends.com/imagenes_csv/producto.png;;10/01/2020;Hay sillas que por una combinación de factores gustan a todo el mundo. Sin duda victoria es una silla excepcional por muchas razones, su delicado tapizado y alto respaldo junto a sus pies cromados le aportan la elegancia y seguridad que estabas buscando
191507;1;Silla paula;243, 242, 211;chocolate;1;;;0;0;1;En Stock;1;1;1;#¡VALOR!;01/01/2018;http://www.phpandfriends.com/imagenes_csv/producto.png;;10/01/2020;La fuerza del diseño de la silla Paula se centra en su elegante gama cromatica. La silla esta tapizada con piel sintética con costuras a cuadros. Una silla muy solida con patas en acabado negro grafito y tacos antideslizantes
141205;1;Silla jazz;243, 242, 211;0;1;9001000007;;0;0;1;En Stock;1;1;1;-24;01/01/2018;http://www.phpandfriends.com/imagenes_csv/producto.png;;10/01/2020; La silla esta tapizada con piel sintética con costuras a cuadros. Una silla muy solida con patas en acabado Blanco y tacos antideslizantes
154559;1;Silla jason;243, 242, 211;grafito;1;;;0;0;1;En Stock;1;1;1;#¡VALOR!;01/01/2018;http://www.phpandfriends.com/imagenes_csv/producto.png;;10/01/2020;Jason es una silla muy comoda que sorprende por su sentada envolvente. Su asiento monocasco es muy ergonómico y esta tapizado en una suave tapiceria nobucl. Los pies son de acero, muy solidos en acabado negro grafito y pies antideslizantes
191508;1;Silla velvet;243, 242, 211;grafito;1;;;0;0;1;En Stock;1;1;1;#¡VALOR!;01/01/2018;http://www.phpandfriends.com/imagenes_csv/producto.png;;10/01/2020;Velvet es una silla muy confortable gracias a su acolchado en tapiceria nobuck. Disponible en varios colores con pies de acero en acabado negro grafito. Un diseño muy elegante que encaja en todo tipo de ambientes
191510;1;Silla marlene;243, 242, 211;negro;1;;;0;0;1;En Stock;1;1;1;#¡VALOR!;01/01/2018;http://www.phpandfriends.com/imagenes_csv/producto.png;;10/01/2020;Preciosa y coqueta la silla marlene no deja a nadie indifente. Que no te confunda su bajo precio, marlene es una silla de 4 patas muy robusta. Su alto respaldo recoge muy bien nuestra espalda cuando estamos sentados
191513;1;Silla adele;243, 242, 211;gris perla;1;;;0;0;1;En Stock;1;1;1;#¡VALOR!;01/01/2018;http://www.phpandfriends.com/imagenes_csv/producto.png;;10/01/2020;Adele es una silla única con mucha personalidad. De inspiración nórdica,sus pies de acero efecto madera de haya, además, le aportan un plus de resistencia
141203;1;Silla auria;243, 242, 211;marron;1;;;0;0;1;En Stock;1;1;1;#¡VALOR!;01/01/2018;http://www.phpandfriends.com/imagenes_csv/producto.png;;10/01/2020;Auria es una silla de diseño , sus patas estan tapizadas con el mismo tejido que el asiento transmitiendo calidez a todo el conjunto. Culmina con un cómodo asiento y respaldo que permite decorar todo tipo de espacios
154540;1;Silla auria vintage;243, 242, 211;gris plomo;1;;;0;0;1;En Stock;1;1;1;#¡VALOR!;01/01/2018;http://www.phpandfriends.com/imagenes_csv/producto.png;;10/01/2020;Auria es una silla de diseño , tapizada en simil piel vintage. Sus patas de inspiración nordica son de madera maciza, muy solidas. Un clásico del diseño que culmina con un cómodo asiento y respaldo que permite decorar todo tipo de espacios
191516;1;Silla auria madera;243, 242, 211;gris claro;1;;;0;0;1;En Stock;1;1;1;#¡VALOR!;01/01/2018;http://www.phpandfriends.com/imagenes_csv/producto.png;;10/01/2020;Auria es una silla de diseño , tapizada en una suave tapicería. Sus patas de inspiración nordica son de madera maciza, muy solidas. Un clásico del diseño que culmina con un cómodo asiento y respaldo que permite decorar todo tipo de espacios
191517;1;Silla turner;243, 242, 211, 256;grafito;1;;;0;0;1;En Stock;1;1;1;#¡VALOR!;01/01/2018;http://www.phpandfriends.com/imagenes_csv/producto.png;;10/01/2020;Si buscas una silla con personalidad no lo dudes. Sus patas de acero son giratorias y resultan muy comodas cuando estamos sentados. El asiento de una pieza, con costuras horizontales esta tapizado en una suave tapicería nobuck
154554;1;Silla sofia vintage;243, 242, 211, 232;gris plomo;1;;;0;0;1;En Stock;1;1;1;#¡VALOR!;01/01/2018;http://www.phpandfriends.com/imagenes_csv/producto.png;;10/01/2020;Elegante silla de polipiel estilo cantilever con tapizado capitoné disponible en varios colores. Una opción moderna con un precio sorprendente.
154558;1;Silla sofia cromo;243, 242, 211, 232;blanco;1;;;0;0;1;En Stock;1;1;1;#¡VALOR!;01/01/2018;http://www.phpandfriends.com/imagenes_csv/producto.png;;10/01/2020;Elegante silla de polipiel estilo cantilever con tapizado capitoné disponible en varios colores. Una opción moderna con un precio sorprendente.
43768;1;Taburete eliot;252;negro;1;;;0;0;1;En Stock;1;1;1;#¡VALOR!;01/01/2018;http://www.phpandfriends.com/imagenes_csv/producto.png;;10/01/2020;Eliot rompe el mito de que los 252 tienen que ser incomodos. Su alto respaldo recoge perfectamente todos los musculos de nuestra espalda
43773;1;Taburete graffit;252;negro;1;;;0;0;1;En Stock;1;1;1;#¡VALOR!;01/01/2018;http://www.phpandfriends.com/imagenes_csv/producto.png;;10/01/2020;Graffit tiene mucho estilo , una estética acertada que dice mucho con el mínimo esfuerzo
191480;1;Sillon delfos piel con elevacion;255;chocolate;1;;;0;0;1;En Stock;1;1;1;#¡VALOR!;01/01/2018;http://www.phpandfriends.com/imagenes_csv/producto.png;;10/01/2020;El sillón relax Delfos tapizado en piel natural te aportará una gran comodidad a un precio excelente. Su sistema Power-Lift te ayudará a levantarte fácilmente, utilizando el mando de control, a través del cual también podrás activar su sistema de relax eléctrico
4131;1;Sillon eros;255;POLIPIEL PU CHOCOLATE;1;;;0;0;1;En Stock;1;1;1;#¡VALOR!;01/01/2018;http://www.phpandfriends.com/imagenes_csv/producto.png;;10/01/2020;El sillón Eros te ofrece una comodidad excelente a un óptimo precio. Equipado con mecanismo de reclinación, basta con ejercer una ligera presión para abrir el sillón hasta colocarlo en una posición prácticamente horizontal. Diseño ergonómico con sistema de relax manual por empuje, para que puedas articularlo hasta conseguir un descanso personalizado.Muy confortable, Ideal para personas mayores o con movilidad reducida
4137;1;Sillon atenas  con elevacion;255;POLIPIEL PU NEGRO;1;;;0;0;1;En Stock;1;1;1;#¡VALOR!;01/01/2018;http://www.phpandfriends.com/imagenes_csv/producto.png;;10/01/2020;El sillón relax Atenas tapizado en simil piel te aportará una gran comodidad a un precio excelente. Su sistema Power-Lift te ayudará a levantarte fácilmente, utilizando el mando de control, a través del cual también podrás activar su sistema de relax eléctrico
191376;1;Sillon eros nobuck;255;NOBUCK GRIS CLARO;1;;;0;0;1;En Stock;1;1;1;#¡VALOR!;01/01/2018;http://www.phpandfriends.com/imagenes_csv/producto.png;;10/01/2020;El sillón Eros te ofrece una comodidad excelente a un óptimo precio. Equipado con mecanismo de reclinación, basta con ejercer una ligera presión para abrir el sillón hasta colocarlo en una posición prácticamente horizontal. Diseño ergonómico con sistema de relax manual por empuje, para que puedas articularlo hasta conseguir un descanso personalizado.Muy confortable, Ideal para personas mayores o con movilidad reducida
191379;1;Sillon atenas  con elevacion;255;NOBUCK ELEPHANT;1;;;0;0;1;En Stock;1;1;1;#¡VALOR!;01/01/2018;http://www.phpandfriends.com/imagenes_csv/producto.png;;10/01/2020;El sillón relax Atenas tapizado en simil piel te aportará una gran comodidad a un precio excelente. Su sistema Power-Lift te ayudará a levantarte fácilmente, utilizando el mando de control, a través del cual también podrás activar su sistema de relax eléctrico
189242;1;Nancy microfibra;243, 242, 211;GRIS;1;;;0;0;1;En Stock;1;1;1;#¡VALOR!;01/01/2018;http://www.phpandfriends.com/imagenes_csv/producto.png;;10/01/2020;Su estructura de diseño clásico elaborado en madera y su suave tapizado hace de Nancy la silla de comedor preferida para muchos. Además Nancy esta disponible en una gran variedad de colores, para que puedas personalizar al máximo tus sillas
189243;1;Nancy tejido;243, 242, 211;TURQUESA;1;;;0;0;1;En Stock;1;1;1;#¡VALOR!;01/01/2018;http://www.phpandfriends.com/imagenes_csv/producto.png;;10/01/2020;Su estructura de diseño clásico elaborado en madera y su suave tapizado hace de Nancy la silla de comedor preferida para muchos. Además Nancy esta disponible en una gran variedad de colores, para que puedas personalizar al máximo tus sillas
196610;1;Silla lady gold;243, 242, 211, 232;TERCIOPELO ROSA MALVA;1;;;0;0;1;En Stock;1;1;1;#¡VALOR!;01/01/2018;http://www.phpandfriends.com/imagenes_csv/producto.png;;10/01/2020;Preciosa silla de diseño, de formas compactas y redondeadas tapizada en velvet, la tapicería de moda en todo el mundo. Una silla de portada para los amantes del buen diseño
196613;1;Silla lady black;243, 242, 211, 232;TERCIOPELO VERDE ESMERALDA;1;;;0;0;1;En Stock;1;1;1;#¡VALOR!;01/01/2018;http://www.phpandfriends.com/imagenes_csv/producto.png;;10/01/2020;Preciosa silla de diseño, de formas compactas y redondeadas tapizada en velvet, la tapicería de moda en todo el mundo. Una silla de portada para los amantes del buen diseño
196617;1;Silla moritz giratoria;243, 242, 211, 232;TERCIOPELO ROSA SALMON;1;;;0;0;1;En Stock;1;1;1;#¡VALOR!;01/01/2018;http://www.phpandfriends.com/imagenes_csv/producto.png;;10/01/2020;Si buscas una silla con estilo no lo dudes. Sus patas de acero son giratorias y resultan muy comodas cuando estamos sentados. El asiento de una pieza, con costuras horizontales esta tapizado en velvet, terciopelo, una maravilla. 
196621;1;Silla vintage;243, 242, 211, 232;CUERO;1;;;0;0;1;En Stock;1;1;1;#¡VALOR!;01/01/2018;http://www.phpandfriends.com/imagenes_csv/producto.png;;10/01/2020;Vintage es una silla que nos encanta , un diseño de líneas simples con un sutil guiño al estilo industrial que está tan de moda pero sin olvidarse de la importancia de la comodidad
194601;1;Sofa cambridge 1 plaza;254;ECOPIEL NEGRA;1;;;0;0;1;En Stock;1;1;1;#¡VALOR!;01/01/2018;http://www.phpandfriends.com/imagenes_csv/producto.png;;10/01/2020;"Cambridge es un sofa de estilo inglés. Un diseño elegante con tapizado capitoné y asientos de muelles que le proporcionarán una confortable sentada. Disponible en 2
colores y 3 medidas."
194600;1;Sofa cambridge 2 plazas;254;ECOPIEL NEGRA;1;;;0;0;1;En Stock;1;1;1;#¡VALOR!;01/01/2018;http://www.phpandfriends.com/imagenes_csv/producto.png;;10/01/2020;"Cambridge es un sofa de estilo inglés. Un diseño elegante con tapizado capitoné y asientos de muelles que le proporcionarán una confortable sentada. Disponible en 2
colores y 3 medidas."
194599;1;Sofa cambridge 3 plazas;254;ECOPIEL NEGRA;1;;;0;0;1;En Stock;1;1;1;#¡VALOR!;01/01/2018;http://www.phpandfriends.com/imagenes_csv/producto.png;;10/01/2020;"Cambridge es un sofa de estilo inglés. Un diseño elegante con tapizado capitoné y asientos de muelles que le proporcionarán una confortable sentada. Disponible en 2
colores y 3 medidas."
200328;1;Sofa viena 1 plaza;254;ECOPIEL NEGRA;1;;;0;0;1;En Stock;1;1;1;#¡VALOR!;01/01/2018;http://www.phpandfriends.com/imagenes_csv/producto.png;;10/01/2020;Sofá de diseño de líneas compactas y fluidas  que marcará la diferencia y encajará con un estilo único en la estancia donde se ubique. Perfecto en areas de recepcion o espera
200330;1;Sofa viena 2 plazas;254;ECOPIEL NEGRA;1;;;0;0;1;En Stock;1;1;1;#¡VALOR!;01/01/2018;http://www.phpandfriends.com/imagenes_csv/producto.png;;10/01/2020;Sofá de diseño de líneas compactas y fluidas  que marcará la diferencia y encajará con un estilo único en la estancia donde se ubique. Perfecto en areas de recepcion o espera
200332;1;Sofa viena 3 plazas;254;ECOPIEL NEGRA;1;;;0;0;1;En Stock;1;1;1;#¡VALOR!;01/01/2018;http://www.phpandfriends.com/imagenes_csv/producto.png;;10/01/2020;Sofá de diseño de líneas compactas y fluidas  que marcará la diferencia y encajará con un estilo único en la estancia donde se ubique. Perfecto en areas de recepcion o espera
200334;1;Sofa zurich 1 plaza;254;ECOPIEL NEGRA;1;;;0;0;1;En Stock;1;1;1;#¡VALOR!;01/01/2018;http://www.phpandfriends.com/imagenes_csv/producto.png;;10/01/2020;"Zurich con sus formas rectas y puras, representa el diseño más vanguardista para sus salas de recepción y zonas de descanso. A
destacar su brazo de diseño elegante y moderno. Zurich está disponible en varias medidas. "
200335;1;Sofa zurich 2 plazas;254;ECOPIEL NEGRA;1;;;0;0;1;En Stock;1;1;1;#¡VALOR!;01/01/2018;http://www.phpandfriends.com/imagenes_csv/producto.png;;10/01/2020;"Zurich con sus formas rectas y puras, representa el diseño más vanguardista para sus salas de recepción y zonas de descanso. A
destacar su brazo de diseño elegante y moderno. Zurich está disponible en varias medidas. "
200336;1;Sofa zurich 3 plazas;254;ECOPIEL NEGRA;1;;;0;0;1;En Stock;1;1;1;#¡VALOR!;01/01/2018;http://www.phpandfriends.com/imagenes_csv/producto.png;;10/01/2020;"Zurich con sus formas rectas y puras, representa el diseño más vanguardista para sus salas de recepción y zonas de descanso. A
destacar su brazo de diseño elegante y moderno. Zurich está disponible en varias medidas. "
