,Atributo (nombre:tipo:posición),Valor (valor:posición),Por defecto,Cantidad,Cantidad mínima
1508,Talla:select:0,XS:0,0,500,1
1508,Talla:select:0,S:0,0,500,1
1508,Talla:select:0,M:0,1,500,1
1508,Talla:select:0,L:0,0,500,1
1508,Talla:select:0,XL:0,0,500,1
1508,Talla:select:0,XXL:0,0,500,1
1509,Talla:select:0,XS:0,0,500,1
1509,Talla:select:0,S:0,0,500,1
1509,Talla:select:0,M:0,1,500,1
1509,Talla:select:0,L:0,0,500,1
1509,Talla:select:0,XL:0,0,500,1
1509,Talla:select:0,XXL:0,0,500,1
1510,Talla:select:0,XS:0,0,500,1
1510,Talla:select:0,S:0,0,500,1
1510,Talla:select:0,M:0,1,500,1
1510,Talla:select:0,L:0,0,500,1
1510,Talla:select:0,XL:0,0,500,1
1510,Talla:select:0,XXL:0,0,500,1
1511,Talla:select:0,XS:0,0,500,1
1511,Talla:select:0,S:0,0,500,1
1511,Talla:select:0,M:0,1,500,1
1511,Talla:select:0,L:0,0,500,1
1511,Talla:select:0,XL:0,0,500,1
1511,Talla:select:0,XXL:0,0,500,1
1512,Talla:select:0,XS:0,0,500,1
1512,Talla:select:0,S:0,0,500,1
1512,Talla:select:0,M:0,1,500,1
1512,Talla:select:0,L:0,0,500,1
1512,Talla:select:0,XL:0,0,500,1
1512,Talla:select:0,XXL:0,0,500,1
1513,Talla:select:0,XS:0,0,500,1
1513,Talla:select:0,S:0,0,500,1
1513,Talla:select:0,M:0,1,500,1
1513,Talla:select:0,L:0,0,500,1
1513,Talla:select:0,XL:0,0,500,1
1513,Talla:select:0,XXL:0,0,500,1
1514,Talla:select:0,XS:0,0,500,1
1514,Talla:select:0,S:0,0,500,1
1514,Talla:select:0,M:0,1,500,1
1514,Talla:select:0,L:0,0,500,1
1514,Talla:select:0,XL:0,0,500,1
1514,Talla:select:0,XXL:0,0,500,1
1515,Talla:select:0,XS:0,0,500,1
1515,Talla:select:0,S:0,0,500,1
1515,Talla:select:0,M:0,1,500,1
1515,Talla:select:0,L:0,0,500,1
1515,Talla:select:0,XL:0,0,500,1
1515,Talla:select:0,XXL:0,0,500,1
1516,Talla:select:0,XS:0,0,500,1
1516,Talla:select:0,S:0,0,500,1
1516,Talla:select:0,M:0,1,500,1
1516,Talla:select:0,L:0,0,500,1
1516,Talla:select:0,XL:0,0,500,1
1516,Talla:select:0,XXL:0,0,500,1
1517,Talla:select:0,XS:0,0,500,1
1517,Talla:select:0,S:0,0,500,1
1517,Talla:select:0,M:0,1,500,1
1517,Talla:select:0,L:0,0,500,1
1517,Talla:select:0,XL:0,0,500,1
1517,Talla:select:0,XXL:0,0,500,1
1518,Talla:select:0,XS:0,0,500,1
1518,Talla:select:0,S:0,0,500,1
1518,Talla:select:0,M:0,1,500,1
1518,Talla:select:0,L:0,0,500,1
1518,Talla:select:0,XL:0,0,500,1
1518,Talla:select:0,XXL:0,0,500,1
1519,Talla:select:0,XS:0,0,500,1
1519,Talla:select:0,S:0,0,500,1
1519,Talla:select:0,M:0,1,500,1
1519,Talla:select:0,L:0,0,500,1
1519,Talla:select:0,XL:0,0,500,1
1519,Talla:select:0,XXL:0,0,500,1
1520,Talla:select:0,XS:0,0,500,1
1520,Talla:select:0,S:0,0,500,1
1520,Talla:select:0,M:0,1,500,1
1520,Talla:select:0,L:0,0,500,1
1520,Talla:select:0,XL:0,0,500,1
1520,Talla:select:0,XXL:0,0,500,1
1521,Talla:select:0,XS:0,0,500,1
1521,Talla:select:0,S:0,0,500,1
1521,Talla:select:0,M:0,1,500,1
1521,Talla:select:0,L:0,0,500,1
1521,Talla:select:0,XL:0,0,500,1
1521,Talla:select:0,XXL:0,0,500,1
1522,Talla:select:0,XS:0,0,500,1
1522,Talla:select:0,S:0,0,500,1
1522,Talla:select:0,M:0,1,500,1
1522,Talla:select:0,L:0,0,500,1
1522,Talla:select:0,XL:0,0,500,1
1522,Talla:select:0,XXL:0,0,500,1
1523,Talla:select:0,XS:0,0,500,1
1523,Talla:select:0,S:0,0,500,1
1523,Talla:select:0,M:0,1,500,1
1523,Talla:select:0,L:0,0,500,1
1523,Talla:select:0,XL:0,0,500,1
1523,Talla:select:0,XXL:0,0,500,1
1524,Talla:select:0,XS:0,0,500,1
1524,Talla:select:0,S:0,0,500,1
1524,Talla:select:0,M:0,1,500,1
1524,Talla:select:0,L:0,0,500,1
1524,Talla:select:0,XL:0,0,500,1
1524,Talla:select:0,XXL:0,0,500,1
1525,Talla:select:0,XS:0,0,500,1
1525,Talla:select:0,S:0,0,500,1
1525,Talla:select:0,M:0,1,500,1
1525,Talla:select:0,L:0,0,500,1
1525,Talla:select:0,XL:0,0,500,1
1525,Talla:select:0,XXL:0,0,500,1
1526,Talla:select:0,XS:0,0,500,1
1526,Talla:select:0,S:0,0,500,1
1526,Talla:select:0,M:0,1,500,1
1526,Talla:select:0,L:0,0,500,1
1526,Talla:select:0,XL:0,0,500,1
1526,Talla:select:0,XXL:0,0,500,1
1527,Talla:select:0,XS:0,0,500,1
1527,Talla:select:0,S:0,0,500,1
1527,Talla:select:0,M:0,1,500,1
1527,Talla:select:0,L:0,0,500,1
1527,Talla:select:0,XL:0,0,500,1
1527,Talla:select:0,XXL:0,0,500,1
1528,Talla:select:0,XS:0,0,500,1
1528,Talla:select:0,S:0,0,500,1
1528,Talla:select:0,M:0,1,500,1
1528,Talla:select:0,L:0,0,500,1
1528,Talla:select:0,XL:0,0,500,1
1528,Talla:select:0,XXL:0,0,500,1
1529,Talla:select:0,XS:0,0,500,1
1529,Talla:select:0,S:0,0,500,1
1529,Talla:select:0,M:0,1,500,1
1529,Talla:select:0,L:0,0,500,1
1529,Talla:select:0,XL:0,0,500,1
1529,Talla:select:0,XXL:0,0,500,1
1530,Talla:select:0,XS:0,0,500,1
1530,Talla:select:0,S:0,0,500,1
1530,Talla:select:0,M:0,1,500,1
1530,Talla:select:0,L:0,0,500,1
1530,Talla:select:0,XL:0,0,500,1
1530,Talla:select:0,XXL:0,0,500,1
1531,Talla:select:0,XS:0,0,500,1
1531,Talla:select:0,S:0,0,500,1
1531,Talla:select:0,M:0,1,500,1
1531,Talla:select:0,L:0,0,500,1
1531,Talla:select:0,XL:0,0,500,1
1531,Talla:select:0,XXL:0,0,500,1
1532,Talla:select:0,XS:0,0,500,1
1532,Talla:select:0,S:0,0,500,1
1532,Talla:select:0,M:0,1,500,1
1532,Talla:select:0,L:0,0,500,1
1532,Talla:select:0,XL:0,0,500,1
1532,Talla:select:0,XXL:0,0,500,1
1533,Talla:select:0,XS:0,0,500,1
1533,Talla:select:0,S:0,0,500,1
1533,Talla:select:0,M:0,1,500,1
1533,Talla:select:0,L:0,0,500,1
1533,Talla:select:0,XL:0,0,500,1
1533,Talla:select:0,XXL:0,0,500,1
1534,Talla:select:0,XS:0,0,500,1
1534,Talla:select:0,S:0,0,500,1
1534,Talla:select:0,M:0,1,500,1
1534,Talla:select:0,L:0,0,500,1
1534,Talla:select:0,XL:0,0,500,1
1534,Talla:select:0,XXL:0,0,500,1
1535,Talla:select:0,XS:0,0,500,1
1535,Talla:select:0,S:0,0,500,1
1535,Talla:select:0,M:0,1,500,1
1535,Talla:select:0,L:0,0,500,1
1535,Talla:select:0,XL:0,0,500,1
1535,Talla:select:0,XXL:0,0,500,1
1536,Talla:select:0,XS:0,0,500,1
1536,Talla:select:0,S:0,0,500,1
1536,Talla:select:0,M:0,1,500,1
1536,Talla:select:0,L:0,0,500,1
1536,Talla:select:0,XL:0,0,500,1
1536,Talla:select:0,XXL:0,0,500,1
1537,Talla:select:0,XS:0,0,500,1
1537,Talla:select:0,S:0,0,500,1
1537,Talla:select:0,M:0,1,500,1
1537,Talla:select:0,L:0,0,500,1
1537,Talla:select:0,XL:0,0,500,1
1537,Talla:select:0,XXL:0,0,500,1
1538,Talla:select:0,XS:0,0,500,1
1538,Talla:select:0,S:0,0,500,1
1538,Talla:select:0,M:0,1,500,1
1538,Talla:select:0,L:0,0,500,1
1538,Talla:select:0,XL:0,0,500,1
1538,Talla:select:0,XXL:0,0,500,1
1539,Talla:select:0,XS:0,0,500,1
1539,Talla:select:0,S:0,0,500,1
1539,Talla:select:0,M:0,1,500,1
1539,Talla:select:0,L:0,0,500,1
1539,Talla:select:0,XL:0,0,500,1
1539,Talla:select:0,XXL:0,0,500,1
1540,Talla:select:0,XS:0,0,500,1
1540,Talla:select:0,S:0,0,500,1
1540,Talla:select:0,M:0,1,500,1
1540,Talla:select:0,L:0,0,500,1
1540,Talla:select:0,XL:0,0,500,1
1540,Talla:select:0,XXL:0,0,500,1
1541,Talla:select:0,XS:0,0,500,1
1541,Talla:select:0,S:0,0,500,1
1541,Talla:select:0,M:0,1,500,1
1541,Talla:select:0,L:0,0,500,1
1541,Talla:select:0,XL:0,0,500,1
1541,Talla:select:0,XXL:0,0,500,1
1542,Talla:select:0,XS:0,0,500,1
1542,Talla:select:0,S:0,0,500,1
1542,Talla:select:0,M:0,1,500,1
1542,Talla:select:0,L:0,0,500,1
1542,Talla:select:0,XL:0,0,500,1
1542,Talla:select:0,XXL:0,0,500,1
1543,Talla:select:0,XS:0,0,500,1
1543,Talla:select:0,S:0,0,500,1
1543,Talla:select:0,M:0,1,500,1
1543,Talla:select:0,L:0,0,500,1
1543,Talla:select:0,XL:0,0,500,1
1543,Talla:select:0,XXL:0,0,500,1
1544,Talla:select:0,XS:0,0,500,1
1544,Talla:select:0,S:0,0,500,1
1544,Talla:select:0,M:0,1,500,1
1544,Talla:select:0,L:0,0,500,1
1544,Talla:select:0,XL:0,0,500,1
1544,Talla:select:0,XXL:0,0,500,1
1545,Talla:select:0,XS:0,0,500,1
1545,Talla:select:0,S:0,0,500,1
1545,Talla:select:0,M:0,1,500,1
1545,Talla:select:0,L:0,0,500,1
1545,Talla:select:0,XL:0,0,500,1
1545,Talla:select:0,XXL:0,0,500,1
1546,Talla:select:0,XS:0,0,500,1
1546,Talla:select:0,S:0,0,500,1
1546,Talla:select:0,M:0,1,500,1
1546,Talla:select:0,L:0,0,500,1
1546,Talla:select:0,XL:0,0,500,1
1546,Talla:select:0,XXL:0,0,500,1
1547,Talla:select:0,XS:0,0,500,1
1547,Talla:select:0,S:0,0,500,1
1547,Talla:select:0,M:0,1,500,1
1547,Talla:select:0,L:0,0,500,1
1547,Talla:select:0,XL:0,0,500,1
1547,Talla:select:0,XXL:0,0,500,1
1548,Talla:select:0,XS:0,0,500,1
1548,Talla:select:0,S:0,0,500,1
1548,Talla:select:0,M:0,1,500,1
1548,Talla:select:0,L:0,0,500,1
1548,Talla:select:0,XL:0,0,500,1
1548,Talla:select:0,XXL:0,0,500,1
1549,Talla:select:0,XS:0,0,500,1
1549,Talla:select:0,S:0,0,500,1
1549,Talla:select:0,M:0,1,500,1
1549,Talla:select:0,L:0,0,500,1
1549,Talla:select:0,XL:0,0,500,1
1549,Talla:select:0,XXL:0,0,500,1
1550,Talla:select:0,XS:0,0,500,1
1550,Talla:select:0,S:0,0,500,1
1550,Talla:select:0,M:0,1,500,1
1550,Talla:select:0,L:0,0,500,1
1550,Talla:select:0,XL:0,0,500,1
1550,Talla:select:0,XXL:0,0,500,1
1551,Talla:select:0,XS:0,0,500,1
1551,Talla:select:0,S:0,0,500,1
1551,Talla:select:0,M:0,1,500,1
1551,Talla:select:0,L:0,0,500,1
1551,Talla:select:0,XL:0,0,500,1
1551,Talla:select:0,XXL:0,0,500,1
1552,Talla:select:0,XS:0,0,500,1
1552,Talla:select:0,S:0,0,500,1
1552,Talla:select:0,M:0,1,500,1
1552,Talla:select:0,L:0,0,500,1
1552,Talla:select:0,XL:0,0,500,1
1552,Talla:select:0,XXL:0,0,500,1
1553,Talla:select:0,XS:0,0,500,1
1553,Talla:select:0,S:0,0,500,1
1553,Talla:select:0,M:0,1,500,1
1553,Talla:select:0,L:0,0,500,1
1553,Talla:select:0,XL:0,0,500,1
1553,Talla:select:0,XXL:0,0,500,1
1554,Talla:select:0,XS:0,0,500,1
1554,Talla:select:0,S:0,0,500,1
1554,Talla:select:0,M:0,1,500,1
1554,Talla:select:0,L:0,0,500,1
1554,Talla:select:0,XL:0,0,500,1
1554,Talla:select:0,XXL:0,0,500,1
1555,Talla:select:0,XS:0,0,500,1
1555,Talla:select:0,S:0,0,500,1
1555,Talla:select:0,M:0,1,500,1
1555,Talla:select:0,L:0,0,500,1
1555,Talla:select:0,XL:0,0,500,1
1555,Talla:select:0,XXL:0,0,500,1
1556,Talla:select:0,XS:0,0,500,1
1556,Talla:select:0,S:0,0,500,1
1556,Talla:select:0,M:0,1,500,1
1556,Talla:select:0,L:0,0,500,1
1556,Talla:select:0,XL:0,0,500,1
1556,Talla:select:0,XXL:0,0,500,1
1557,Talla:select:0,XS:0,0,500,1
1557,Talla:select:0,S:0,0,500,1
1557,Talla:select:0,M:0,1,500,1
1557,Talla:select:0,L:0,0,500,1
1557,Talla:select:0,XL:0,0,500,1
1557,Talla:select:0,XXL:0,0,500,1
1558,Talla:select:0,XS:0,0,500,1
1558,Talla:select:0,S:0,0,500,1
1558,Talla:select:0,M:0,1,500,1
1558,Talla:select:0,L:0,0,500,1
1558,Talla:select:0,XL:0,0,500,1
1558,Talla:select:0,XXL:0,0,500,1
1559,Talla:select:0,XS:0,0,500,1
1559,Talla:select:0,S:0,0,500,1
1559,Talla:select:0,M:0,1,500,1
1559,Talla:select:0,L:0,0,500,1
1559,Talla:select:0,XL:0,0,500,1
1559,Talla:select:0,XXL:0,0,500,1
1560,Talla:select:0,XS:0,0,500,1
1560,Talla:select:0,S:0,0,500,1
1560,Talla:select:0,M:0,1,500,1
1560,Talla:select:0,L:0,0,500,1
1560,Talla:select:0,XL:0,0,500,1
1560,Talla:select:0,XXL:0,0,500,1
1561,Talla:select:0,XS:0,0,500,1
1561,Talla:select:0,S:0,0,500,1
1561,Talla:select:0,M:0,1,500,1
1561,Talla:select:0,L:0,0,500,1
1561,Talla:select:0,XL:0,0,500,1
1561,Talla:select:0,XXL:0,0,500,1
1562,Talla:select:0,XS:0,0,500,1
1562,Talla:select:0,S:0,0,500,1
1562,Talla:select:0,M:0,1,500,1
1562,Talla:select:0,L:0,0,500,1
1562,Talla:select:0,XL:0,0,500,1
1562,Talla:select:0,XXL:0,0,500,1
1563,Talla:select:0,XS:0,0,500,1
1563,Talla:select:0,S:0,0,500,1
1563,Talla:select:0,M:0,1,500,1
1563,Talla:select:0,L:0,0,500,1
1563,Talla:select:0,XL:0,0,500,1
1563,Talla:select:0,XXL:0,0,500,1
1564,Talla:select:0,XS:0,0,500,1
1564,Talla:select:0,S:0,0,500,1
1564,Talla:select:0,M:0,1,500,1
1564,Talla:select:0,L:0,0,500,1
1564,Talla:select:0,XL:0,0,500,1
1564,Talla:select:0,XXL:0,0,500,1
1565,Talla:select:0,XS:0,0,500,1
1565,Talla:select:0,S:0,0,500,1
1565,Talla:select:0,M:0,1,500,1
1565,Talla:select:0,L:0,0,500,1
1565,Talla:select:0,XL:0,0,500,1
1565,Talla:select:0,XXL:0,0,500,1
1566,Talla:select:0,XS:0,0,500,1
1566,Talla:select:0,S:0,0,500,1
1566,Talla:select:0,M:0,1,500,1
1566,Talla:select:0,L:0,0,500,1
1566,Talla:select:0,XL:0,0,500,1
1566,Talla:select:0,XXL:0,0,500,1
1567,Talla:select:0,XS:0,0,500,1
1567,Talla:select:0,S:0,0,500,1
1567,Talla:select:0,M:0,1,500,1
1567,Talla:select:0,L:0,0,500,1
1567,Talla:select:0,XL:0,0,500,1
1567,Talla:select:0,XXL:0,0,500,1
1568,Talla:select:0,XS:0,0,500,1
1568,Talla:select:0,S:0,0,500,1
1568,Talla:select:0,M:0,1,500,1
1568,Talla:select:0,L:0,0,500,1
1568,Talla:select:0,XL:0,0,500,1
1568,Talla:select:0,XXL:0,0,500,1
1569,Talla:select:0,XS:0,0,500,1
1569,Talla:select:0,S:0,0,500,1
1569,Talla:select:0,M:0,1,500,1
1569,Talla:select:0,L:0,0,500,1
1569,Talla:select:0,XL:0,0,500,1
1569,Talla:select:0,XXL:0,0,500,1
1570,Talla:select:0,XS:0,0,500,1
1570,Talla:select:0,S:0,0,500,1
1570,Talla:select:0,M:0,1,500,1
1570,Talla:select:0,L:0,0,500,1
1570,Talla:select:0,XL:0,0,500,1
1570,Talla:select:0,XXL:0,0,500,1
1571,Talla:select:0,XS:0,0,500,1
1571,Talla:select:0,S:0,0,500,1
1571,Talla:select:0,M:0,1,500,1
1571,Talla:select:0,L:0,0,500,1
1571,Talla:select:0,XL:0,0,500,1
1571,Talla:select:0,XXL:0,0,500,1
1572,Talla:select:0,XS:0,0,500,1
1572,Talla:select:0,S:0,0,500,1
1572,Talla:select:0,M:0,1,500,1
1572,Talla:select:0,L:0,0,500,1
1572,Talla:select:0,XL:0,0,500,1
1572,Talla:select:0,XXL:0,0,500,1
1573,Talla:select:0,XS:0,0,500,1
1573,Talla:select:0,S:0,0,500,1
1573,Talla:select:0,M:0,1,500,1
1573,Talla:select:0,L:0,0,500,1
1573,Talla:select:0,XL:0,0,500,1
1573,Talla:select:0,XXL:0,0,500,1
1574,Talla:select:0,XS:0,0,500,1
1574,Talla:select:0,S:0,0,500,1
1574,Talla:select:0,M:0,1,500,1
1574,Talla:select:0,L:0,0,500,1
1574,Talla:select:0,XL:0,0,500,1
1574,Talla:select:0,XXL:0,0,500,1
1575,Talla:select:0,XS:0,0,500,1
1575,Talla:select:0,S:0,0,500,1
1575,Talla:select:0,M:0,1,500,1
1575,Talla:select:0,L:0,0,500,1
1575,Talla:select:0,XL:0,0,500,1
1575,Talla:select:0,XXL:0,0,500,1
1576,Talla:select:0,XS:0,0,500,1
1576,Talla:select:0,S:0,0,500,1
1576,Talla:select:0,M:0,1,500,1
1576,Talla:select:0,L:0,0,500,1
1576,Talla:select:0,XL:0,0,500,1
1576,Talla:select:0,XXL:0,0,500,1
1577,Talla:select:0,XS:0,0,500,1
1577,Talla:select:0,S:0,0,500,1
1577,Talla:select:0,M:0,1,500,1
1577,Talla:select:0,L:0,0,500,1
1577,Talla:select:0,XL:0,0,500,1
1577,Talla:select:0,XXL:0,0,500,1
1578,Talla:select:0,XS:0,0,500,1
1578,Talla:select:0,S:0,0,500,1
1578,Talla:select:0,M:0,1,500,1
1578,Talla:select:0,L:0,0,500,1
1578,Talla:select:0,XL:0,0,500,1
1578,Talla:select:0,XXL:0,0,500,1
1579,Talla:select:0,XS:0,0,500,1
1579,Talla:select:0,S:0,0,500,1
1579,Talla:select:0,M:0,1,500,1
1579,Talla:select:0,L:0,0,500,1
1579,Talla:select:0,XL:0,0,500,1
1579,Talla:select:0,XXL:0,0,500,1
1580,Talla:select:0,XS:0,0,500,1
1580,Talla:select:0,S:0,0,500,1
1580,Talla:select:0,M:0,1,500,1
1580,Talla:select:0,L:0,0,500,1
1580,Talla:select:0,XL:0,0,500,1
1580,Talla:select:0,XXL:0,0,500,1
1581,Talla:select:0,XS:0,0,500,1
1581,Talla:select:0,S:0,0,500,1
1581,Talla:select:0,M:0,1,500,1
1581,Talla:select:0,L:0,0,500,1
1581,Talla:select:0,XL:0,0,500,1
1581,Talla:select:0,XXL:0,0,500,1
1582,Talla:select:0,XS:0,0,500,1
1582,Talla:select:0,S:0,0,500,1
1582,Talla:select:0,M:0,1,500,1
1582,Talla:select:0,L:0,0,500,1
1582,Talla:select:0,XL:0,0,500,1
1582,Talla:select:0,XXL:0,0,500,1
1583,Talla:select:0,XS:0,0,500,1
1583,Talla:select:0,S:0,0,500,1
1583,Talla:select:0,M:0,1,500,1
1583,Talla:select:0,L:0,0,500,1
1583,Talla:select:0,XL:0,0,500,1
1583,Talla:select:0,XXL:0,0,500,1
1584,Talla:select:0,XS:0,0,500,1
1584,Talla:select:0,S:0,0,500,1
1584,Talla:select:0,M:0,1,500,1
1584,Talla:select:0,L:0,0,500,1
1584,Talla:select:0,XL:0,0,500,1
1584,Talla:select:0,XXL:0,0,500,1
1585,Talla:select:0,XS:0,0,500,1
1585,Talla:select:0,S:0,0,500,1
1585,Talla:select:0,M:0,1,500,1
1585,Talla:select:0,L:0,0,500,1
1585,Talla:select:0,XL:0,0,500,1
1585,Talla:select:0,XXL:0,0,500,1
1586,Talla:select:0,XS:0,0,500,1
1586,Talla:select:0,S:0,0,500,1
1586,Talla:select:0,M:0,1,500,1
1586,Talla:select:0,L:0,0,500,1
1586,Talla:select:0,XL:0,0,500,1
1586,Talla:select:0,XXL:0,0,500,1
1587,Talla:select:0,XS:0,0,500,1
1587,Talla:select:0,S:0,0,500,1
1587,Talla:select:0,M:0,1,500,1
1587,Talla:select:0,L:0,0,500,1
1587,Talla:select:0,XL:0,0,500,1
1587,Talla:select:0,XXL:0,0,500,1
1588,Talla:select:0,XS:0,0,500,1
1588,Talla:select:0,S:0,0,500,1
1588,Talla:select:0,M:0,1,500,1
1588,Talla:select:0,L:0,0,500,1
1588,Talla:select:0,XL:0,0,500,1
1588,Talla:select:0,XXL:0,0,500,1
1589,Talla:select:0,XS:0,0,500,1
1589,Talla:select:0,S:0,0,500,1
1589,Talla:select:0,M:0,1,500,1
1589,Talla:select:0,L:0,0,500,1
1589,Talla:select:0,XL:0,0,500,1
1589,Talla:select:0,XXL:0,0,500,1
1590,Talla:select:0,XS:0,0,500,1
1590,Talla:select:0,S:0,0,500,1
1590,Talla:select:0,M:0,1,500,1
1590,Talla:select:0,L:0,0,500,1
1590,Talla:select:0,XL:0,0,500,1
1590,Talla:select:0,XXL:0,0,500,1
1591,Talla:select:0,XS:0,0,500,1
1591,Talla:select:0,S:0,0,500,1
1591,Talla:select:0,M:0,1,500,1
1591,Talla:select:0,L:0,0,500,1
1591,Talla:select:0,XL:0,0,500,1
1591,Talla:select:0,XXL:0,0,500,1
1592,Talla:select:0,XS:0,0,500,1
1592,Talla:select:0,S:0,0,500,1
1592,Talla:select:0,M:0,1,500,1
1592,Talla:select:0,L:0,0,500,1
1592,Talla:select:0,XL:0,0,500,1
1592,Talla:select:0,XXL:0,0,500,1
1593,Talla:select:0,XS:0,0,500,1
1593,Talla:select:0,S:0,0,500,1
1593,Talla:select:0,M:0,1,500,1
1593,Talla:select:0,L:0,0,500,1
1593,Talla:select:0,XL:0,0,500,1
1593,Talla:select:0,XXL:0,0,500,1
1594,Talla:select:0,XS:0,0,500,1
1594,Talla:select:0,S:0,0,500,1
1594,Talla:select:0,M:0,1,500,1
1594,Talla:select:0,L:0,0,500,1
1594,Talla:select:0,XL:0,0,500,1
1594,Talla:select:0,XXL:0,0,500,1
1595,Talla:select:0,XS:0,0,500,1
1595,Talla:select:0,S:0,0,500,1
1595,Talla:select:0,M:0,1,500,1
1595,Talla:select:0,L:0,0,500,1
1595,Talla:select:0,XL:0,0,500,1
1595,Talla:select:0,XXL:0,0,500,1
1596,Talla:select:0,XS:0,0,500,1
1596,Talla:select:0,S:0,0,500,1
1596,Talla:select:0,M:0,1,500,1
1596,Talla:select:0,L:0,0,500,1
1596,Talla:select:0,XL:0,0,500,1
1596,Talla:select:0,XXL:0,0,500,1
1597,Talla:select:0,XS:0,0,500,1
1597,Talla:select:0,S:0,0,500,1
1597,Talla:select:0,M:0,1,500,1
1597,Talla:select:0,L:0,0,500,1
1597,Talla:select:0,XL:0,0,500,1
1597,Talla:select:0,XXL:0,0,500,1
1598,Talla:select:0,XS:0,0,500,1
1598,Talla:select:0,S:0,0,500,1
1598,Talla:select:0,M:0,1,500,1
1598,Talla:select:0,L:0,0,500,1
1598,Talla:select:0,XL:0,0,500,1
1598,Talla:select:0,XXL:0,0,500,1
1599,Talla:select:0,XS:0,0,500,1
1599,Talla:select:0,S:0,0,500,1
1599,Talla:select:0,M:0,1,500,1
1599,Talla:select:0,L:0,0,500,1
1599,Talla:select:0,XL:0,0,500,1
1599,Talla:select:0,XXL:0,0,500,1
1600,Talla:select:0,XS:0,0,500,1
1600,Talla:select:0,S:0,0,500,1
1600,Talla:select:0,M:0,1,500,1
1600,Talla:select:0,L:0,0,500,1
1600,Talla:select:0,XL:0,0,500,1
1600,Talla:select:0,XXL:0,0,500,1
1601,Talla:select:0,XS:0,0,500,1
1601,Talla:select:0,S:0,0,500,1
1601,Talla:select:0,M:0,1,500,1
1601,Talla:select:0,L:0,0,500,1
1601,Talla:select:0,XL:0,0,500,1
1601,Talla:select:0,XXL:0,0,500,1
1602,Talla:select:0,XS:0,0,500,1
1602,Talla:select:0,S:0,0,500,1
1602,Talla:select:0,M:0,1,500,1
1602,Talla:select:0,L:0,0,500,1
1602,Talla:select:0,XL:0,0,500,1
1602,Talla:select:0,XXL:0,0,500,1
1603,Talla:select:0,XS:0,0,500,1
1603,Talla:select:0,S:0,0,500,1
1603,Talla:select:0,M:0,1,500,1
1603,Talla:select:0,L:0,0,500,1
1603,Talla:select:0,XL:0,0,500,1
1603,Talla:select:0,XXL:0,0,500,1
1604,Talla:select:0,XS:0,0,500,1
1604,Talla:select:0,S:0,0,500,1
1604,Talla:select:0,M:0,1,500,1
1604,Talla:select:0,L:0,0,500,1
1604,Talla:select:0,XL:0,0,500,1
1604,Talla:select:0,XXL:0,0,500,1
1605,Talla:select:0,XS:0,0,500,1
1605,Talla:select:0,S:0,0,500,1
1605,Talla:select:0,M:0,1,500,1
1605,Talla:select:0,L:0,0,500,1
1605,Talla:select:0,XL:0,0,500,1
1605,Talla:select:0,XXL:0,0,500,1
1606,Talla:select:0,XS:0,0,500,1
1606,Talla:select:0,S:0,0,500,1
1606,Talla:select:0,M:0,1,500,1
1606,Talla:select:0,L:0,0,500,1
1606,Talla:select:0,XL:0,0,500,1
1606,Talla:select:0,XXL:0,0,500,1
1607,Talla:select:0,XS:0,0,500,1
1607,Talla:select:0,S:0,0,500,1
1607,Talla:select:0,M:0,1,500,1
1607,Talla:select:0,L:0,0,500,1
1607,Talla:select:0,XL:0,0,500,1
1607,Talla:select:0,XXL:0,0,500,1
1608,Talla:select:0,XS:0,0,500,1
1608,Talla:select:0,S:0,0,500,1
1608,Talla:select:0,M:0,1,500,1
1608,Talla:select:0,L:0,0,500,1
1608,Talla:select:0,XL:0,0,500,1
1608,Talla:select:0,XXL:0,0,500,1
1609,Talla:select:0,XS:0,0,500,1
1609,Talla:select:0,S:0,0,500,1
1609,Talla:select:0,M:0,1,500,1
1609,Talla:select:0,L:0,0,500,1
1609,Talla:select:0,XL:0,0,500,1
1609,Talla:select:0,XXL:0,0,500,1
1610,Talla:select:0,XS:0,0,500,1
1610,Talla:select:0,S:0,0,500,1
1610,Talla:select:0,M:0,1,500,1
1610,Talla:select:0,L:0,0,500,1
1610,Talla:select:0,XL:0,0,500,1
1610,Talla:select:0,XXL:0,0,500,1
1611,Talla:select:0,XS:0,0,500,1
1611,Talla:select:0,S:0,0,500,1
1611,Talla:select:0,M:0,1,500,1
1611,Talla:select:0,L:0,0,500,1
1611,Talla:select:0,XL:0,0,500,1
1611,Talla:select:0,XXL:0,0,500,1
1612,Talla:select:0,XS:0,0,500,1
1612,Talla:select:0,S:0,0,500,1
1612,Talla:select:0,M:0,1,500,1
1612,Talla:select:0,L:0,0,500,1
1612,Talla:select:0,XL:0,0,500,1
1612,Talla:select:0,XXL:0,0,500,1
1613,Talla:select:0,XS:0,0,500,1
1613,Talla:select:0,S:0,0,500,1
1613,Talla:select:0,M:0,1,500,1
1613,Talla:select:0,L:0,0,500,1
1613,Talla:select:0,XL:0,0,500,1
1613,Talla:select:0,XXL:0,0,500,1
1614,Talla:select:0,XS:0,0,500,1
1614,Talla:select:0,S:0,0,500,1
1614,Talla:select:0,M:0,1,500,1
1614,Talla:select:0,L:0,0,500,1
1614,Talla:select:0,XL:0,0,500,1
1614,Talla:select:0,XXL:0,0,500,1
1615,Talla:select:0,XS:0,0,500,1
1615,Talla:select:0,S:0,0,500,1
1615,Talla:select:0,M:0,1,500,1
1615,Talla:select:0,L:0,0,500,1
1615,Talla:select:0,XL:0,0,500,1
1615,Talla:select:0,XXL:0,0,500,1
1616,Talla:select:0,XS:0,0,500,1
1616,Talla:select:0,S:0,0,500,1
1616,Talla:select:0,M:0,1,500,1
1616,Talla:select:0,L:0,0,500,1
1616,Talla:select:0,XL:0,0,500,1
1616,Talla:select:0,XXL:0,0,500,1
1617,Talla:select:0,XS:0,0,500,1
1617,Talla:select:0,S:0,0,500,1
1617,Talla:select:0,M:0,1,500,1
1617,Talla:select:0,L:0,0,500,1
1617,Talla:select:0,XL:0,0,500,1
1617,Talla:select:0,XXL:0,0,500,1
1618,Talla:select:0,XS:0,0,500,1
1618,Talla:select:0,S:0,0,500,1
1618,Talla:select:0,M:0,1,500,1
1618,Talla:select:0,L:0,0,500,1
1618,Talla:select:0,XL:0,0,500,1
1618,Talla:select:0,XXL:0,0,500,1
1619,Talla:select:0,XS:0,0,500,1
1619,Talla:select:0,S:0,0,500,1
1619,Talla:select:0,M:0,1,500,1
1619,Talla:select:0,L:0,0,500,1
1619,Talla:select:0,XL:0,0,500,1
1619,Talla:select:0,XXL:0,0,500,1
1620,Talla:select:0,XS:0,0,500,1
1620,Talla:select:0,S:0,0,500,1
1620,Talla:select:0,M:0,1,500,1
1620,Talla:select:0,L:0,0,500,1
1620,Talla:select:0,XL:0,0,500,1
1620,Talla:select:0,XXL:0,0,500,1
1621,Talla:select:0,XS:0,0,500,1
1621,Talla:select:0,S:0,0,500,1
1621,Talla:select:0,M:0,1,500,1
1621,Talla:select:0,L:0,0,500,1
1621,Talla:select:0,XL:0,0,500,1
1621,Talla:select:0,XXL:0,0,500,1
1622,Talla:select:0,XS:0,0,500,1
1622,Talla:select:0,S:0,0,500,1
1622,Talla:select:0,M:0,1,500,1
1622,Talla:select:0,L:0,0,500,1
1622,Talla:select:0,XL:0,0,500,1
1622,Talla:select:0,XXL:0,0,500,1
1623,Talla:select:0,XS:0,0,500,1
1623,Talla:select:0,S:0,0,500,1
1623,Talla:select:0,M:0,1,500,1
1623,Talla:select:0,L:0,0,500,1
1623,Talla:select:0,XL:0,0,500,1
1623,Talla:select:0,XXL:0,0,500,1
1624,Talla:select:0,XS:0,0,500,1
1624,Talla:select:0,S:0,0,500,1
1624,Talla:select:0,M:0,1,500,1
1624,Talla:select:0,L:0,0,500,1
1624,Talla:select:0,XL:0,0,500,1
1624,Talla:select:0,XXL:0,0,500,1
1625,Talla:select:0,XS:0,0,500,1
1625,Talla:select:0,S:0,0,500,1
1625,Talla:select:0,M:0,1,500,1
1625,Talla:select:0,L:0,0,500,1
1625,Talla:select:0,XL:0,0,500,1
1625,Talla:select:0,XXL:0,0,500,1
1626,Talla:select:0,XS:0,0,500,1
1626,Talla:select:0,S:0,0,500,1
1626,Talla:select:0,M:0,1,500,1
1626,Talla:select:0,L:0,0,500,1
1626,Talla:select:0,XL:0,0,500,1
1626,Talla:select:0,XXL:0,0,500,1
1627,Talla:select:0,XS:0,0,500,1
1627,Talla:select:0,S:0,0,500,1
1627,Talla:select:0,M:0,1,500,1
1627,Talla:select:0,L:0,0,500,1
1627,Talla:select:0,XL:0,0,500,1
1627,Talla:select:0,XXL:0,0,500,1
1628,Talla:select:0,XS:0,0,500,1
1628,Talla:select:0,S:0,0,500,1
1628,Talla:select:0,M:0,1,500,1
1628,Talla:select:0,L:0,0,500,1
1628,Talla:select:0,XL:0,0,500,1
1628,Talla:select:0,XXL:0,0,500,1
1629,Talla:select:0,XS:0,0,500,1
1629,Talla:select:0,S:0,0,500,1
1629,Talla:select:0,M:0,1,500,1
1629,Talla:select:0,L:0,0,500,1
1629,Talla:select:0,XL:0,0,500,1
1629,Talla:select:0,XXL:0,0,500,1
1630,Talla:select:0,XS:0,0,500,1
1630,Talla:select:0,S:0,0,500,1
1630,Talla:select:0,M:0,1,500,1
1630,Talla:select:0,L:0,0,500,1
1630,Talla:select:0,XL:0,0,500,1
1630,Talla:select:0,XXL:0,0,500,1
1631,Talla:select:0,XS:0,0,500,1
1631,Talla:select:0,S:0,0,500,1
1631,Talla:select:0,M:0,1,500,1
1631,Talla:select:0,L:0,0,500,1
1631,Talla:select:0,XL:0,0,500,1
1631,Talla:select:0,XXL:0,0,500,1
1632,Talla:select:0,XS:0,0,500,1
1632,Talla:select:0,S:0,0,500,1
1632,Talla:select:0,M:0,1,500,1
1632,Talla:select:0,L:0,0,500,1
1632,Talla:select:0,XL:0,0,500,1
1632,Talla:select:0,XXL:0,0,500,1
1633,Talla:select:0,XS:0,0,500,1
1633,Talla:select:0,S:0,0,500,1
1633,Talla:select:0,M:0,1,500,1
1633,Talla:select:0,L:0,0,500,1
1633,Talla:select:0,XL:0,0,500,1
1633,Talla:select:0,XXL:0,0,500,1
1634,Talla:select:0,XS:0,0,500,1
1634,Talla:select:0,S:0,0,500,1
1634,Talla:select:0,M:0,1,500,1
1634,Talla:select:0,L:0,0,500,1
1634,Talla:select:0,XL:0,0,500,1
1634,Talla:select:0,XXL:0,0,500,1
1635,Talla:select:0,XS:0,0,500,1
1635,Talla:select:0,S:0,0,500,1
1635,Talla:select:0,M:0,1,500,1
1635,Talla:select:0,L:0,0,500,1
1635,Talla:select:0,XL:0,0,500,1
1635,Talla:select:0,XXL:0,0,500,1
1636,Talla:select:0,XS:0,0,500,1
1636,Talla:select:0,S:0,0,500,1
1636,Talla:select:0,M:0,1,500,1
1636,Talla:select:0,L:0,0,500,1
1636,Talla:select:0,XL:0,0,500,1
1636,Talla:select:0,XXL:0,0,500,1
1637,Talla:select:0,XS:0,0,500,1
1637,Talla:select:0,S:0,0,500,1
1637,Talla:select:0,M:0,1,500,1
1637,Talla:select:0,L:0,0,500,1
1637,Talla:select:0,XL:0,0,500,1
1637,Talla:select:0,XXL:0,0,500,1
1638,Talla:select:0,XS:0,0,500,1
1638,Talla:select:0,S:0,0,500,1
1638,Talla:select:0,M:0,1,500,1
1638,Talla:select:0,L:0,0,500,1
1638,Talla:select:0,XL:0,0,500,1
1638,Talla:select:0,XXL:0,0,500,1
1639,Talla:select:0,XS:0,0,500,1
1639,Talla:select:0,S:0,0,500,1
1639,Talla:select:0,M:0,1,500,1
1639,Talla:select:0,L:0,0,500,1
1639,Talla:select:0,XL:0,0,500,1
1639,Talla:select:0,XXL:0,0,500,1
1640,Talla:select:0,XS:0,0,500,1
1640,Talla:select:0,S:0,0,500,1
1640,Talla:select:0,M:0,1,500,1
1640,Talla:select:0,L:0,0,500,1
1640,Talla:select:0,XL:0,0,500,1
1640,Talla:select:0,XXL:0,0,500,1
1641,Talla:select:0,XS:0,0,500,1
1641,Talla:select:0,S:0,0,500,1
1641,Talla:select:0,M:0,1,500,1
1641,Talla:select:0,L:0,0,500,1
1641,Talla:select:0,XL:0,0,500,1
1641,Talla:select:0,XXL:0,0,500,1
1642,Talla:select:0,XS:0,0,500,1
1642,Talla:select:0,S:0,0,500,1
1642,Talla:select:0,M:0,1,500,1
1642,Talla:select:0,L:0,0,500,1
1642,Talla:select:0,XL:0,0,500,1
1642,Talla:select:0,XXL:0,0,500,1
1643,Talla:select:0,XS:0,0,500,1
1643,Talla:select:0,S:0,0,500,1
1643,Talla:select:0,M:0,1,500,1
1643,Talla:select:0,L:0,0,500,1
1643,Talla:select:0,XL:0,0,500,1
1643,Talla:select:0,XXL:0,0,500,1
1644,Talla:select:0,XS:0,0,500,1
1644,Talla:select:0,S:0,0,500,1
1644,Talla:select:0,M:0,1,500,1
1644,Talla:select:0,L:0,0,500,1
1644,Talla:select:0,XL:0,0,500,1
1644,Talla:select:0,XXL:0,0,500,1
1645,Talla:select:0,XS:0,0,500,1
1645,Talla:select:0,S:0,0,500,1
1645,Talla:select:0,M:0,1,500,1
1645,Talla:select:0,L:0,0,500,1
1645,Talla:select:0,XL:0,0,500,1
1645,Talla:select:0,XXL:0,0,500,1
1646,Talla:select:0,XS:0,0,500,1
1646,Talla:select:0,S:0,0,500,1
1646,Talla:select:0,M:0,1,500,1
1646,Talla:select:0,L:0,0,500,1
1646,Talla:select:0,XL:0,0,500,1
1646,Talla:select:0,XXL:0,0,500,1
1647,Talla:select:0,XS:0,0,500,1
1647,Talla:select:0,S:0,0,500,1
1647,Talla:select:0,M:0,1,500,1
1647,Talla:select:0,L:0,0,500,1
1647,Talla:select:0,XL:0,0,500,1
1647,Talla:select:0,XXL:0,0,500,1
1648,Talla:select:0,XS:0,0,500,1
1648,Talla:select:0,S:0,0,500,1
1648,Talla:select:0,M:0,1,500,1
1648,Talla:select:0,L:0,0,500,1
1648,Talla:select:0,XL:0,0,500,1
1648,Talla:select:0,XXL:0,0,500,1
1649,Talla:select:0,XS:0,0,500,1
1649,Talla:select:0,S:0,0,500,1
1649,Talla:select:0,M:0,1,500,1
1649,Talla:select:0,L:0,0,500,1
1649,Talla:select:0,XL:0,0,500,1
1649,Talla:select:0,XXL:0,0,500,1